no,title,category
2817,[SAUCEPIA] 막국수 육수,기타
2816,[SAUCEPIA] 물냉면 육수,한국
2815,[SAUCEPIA] 봉골레 파스타 소스,기타
2814,[SAUCEPIA] 비빔냉면 양념장,한국
2813,[SAUCEPIA] 비빔밥소스,기타
2812,[SAUCEPIA] 양념치킨소스,기타
2811,[SAUCEPIA] 오리엔탈 드레싱,기타
2810,[SAUCEPIA] 유자 샐러드 드레싱,한국
2809,[SAUCEPIA] 쫄면양념,기타
2808,[SAUCEPIA] 크림 파스타 소스,기타
2807,가당연유 소스,기타
2806,가든 베지터블 딥,기타
2805,가라아게 소스,기타
2804,가람 마살라,기타
2803,가마보꼬 샌드위치 소스,기타
2802,가스파초 비네그레이트,기타
2801,가쓰오 소스,기타
2800,가자미 구이 소스,기타
2799,가자미버터구이 소스,기타
2798,가지 디핑 소스,기타
2797,가지 미소 볶음 소스,기타
2796,가지 카레 소스,미얀마
2795,가지두부 굴 소스,기타
2794,가지두부 굴 소스,기타
2793,가지와 사과 처드니,기타
2792,가지와 토마토 처드니,기타
2791,간 미트 소스,기타
2790,간단 볶음 간장 소스,기타
2789,간장 누룩 소스,기타
2788,간장 덮밥 소스,기타
2787,간장 드레싱,기타
2786,간장 드레싱,기타
2785,간장 떡볶이 소스,기타
2784,간장 무침 소스,기타
2783,간장 발사믹 드레싱,기타
2782,간장 소스,기타
2781,간장 소스,기타
2780,간장 액젓게장,기타
2779,간장 양념장 소스,기타
2778,간장 튀김 소스,기타
2777,간장게장 소스,기타
2776,간장구이 소스,기타
2775,간장구이 소스,기타
2774,간장드레싱 소스,기타
2773,간장드레싱 소스,기타
2772,간장머스터드 소스,기타
2771,간장머스터드 소스,기타
2770,간장무침 소스,기타
2769,간장볶음 소스,기타
2768,간장양념장,한국
2767,간장찜 소스,기타
2766,간장치킨 소스,기타
2765,간장피클 소스,기타
2764,간장피클 소스,기타
2763,갈릭 디핑 소스,기타
2762,갈릭 소스,기타
2761,갈릭 앤초비 오일 소스,기타
2760,갈릭 치즈 드레싱,기타
2759,갈릭 크림 파마산 소스,기타
2758,갈릭데리야끼 소스,기타
2757,갈릭치즈 소스,기타
2756,갈릭크림치즈디핑 소스,기타
2755,갈비 소스,기타
2754,갈비 소스,기타
2753,갈비양념(소갈비 13kg기준),기타
2752,갈비육장,기타
2751,갈비잡채볶음 소스,기타
2750,갈비찜 소스,기타
2749,갈비찜 소스,기타
2748,갈비찜 스테이크,기타
2747,갈색 닭고기 육즙 소스,기타
2746,갈색 송아지 육즙 소스,기타
2745,갈색 쇠고기 육즙 소스,기타
2744,갈색 양고기 육즙 소스,기타
2743,갈색 오리고기 육즙 소스,기타
2742,갈색 온냉 소스,기타
2741,갈색 트러플 소스,기타
2740,감귤 소스,기타
2739,감도리 바 수즈마릭 가작,우즈베키스탄
2738,감식초 드레싱,기타
2737,감식초 드레싱,기타
2736,감자조림 소스,기타
2735,감초 소스,기타
2734,강된장 비빔밥 소스,기타
2733,강된장 소스,기타
2732,강황 드레싱,기타
2731,개성무찜 양념장,기타
2730,개운한 멕시코 소스,기타
2729,건고추 소스,기타
2728,건새우,기타
2727,건포도 드레싱,기타
2726,건포도 소스,기타
2725,건포도 소스,기타
2724,건포도 아몬드 드레싱,기타
2723,건포도 아몬드 스프레드,기타
2722,건포도 컴포트 소스,기타
2721,검보 소스,미국
2720,검은 송로버섯 소스,기타
2719,검은 후추 소스,기타
2718,검은깨 캐러멜 소스,기타
2717,검은콩 할라피뇨 소스,기타
2716,겉절이 소스,기타
2715,겉절이 소스,기타
2714,겉절이 소스,기타
2713,겉절이 소스,기타
2712,겉절이 액젓소스,기타
2711,게장 소스,기타
2710,겨자 드레싱,기타
2709,겨자 소스,기타
2708,겨자 소스,기타
2707,겨자 소스,기타
2706,겨자 소스,기타
2705,겨자 소스,기타
2704,겨자 소스,기타
2703,겨자 소스,기타
2702,겨자 소스,대만
2701,겨자 소스,기타
2700,겨자 소스,기타
2699,겨자 소스(냉채),기타
2698,겨자 초장 소스,기타
2697,겨자 프렌치 드레싱,기타
2696,겨자간장 소스,기타
2695,겨자레몬 소스,기타
2694,겨자마요 소스 돼지볶음 소스,기타
2693,겨자마요 소스 돼지볶음 양념,기타
2692,겨자잣 소스,기타
2691,겨자장 소스,기타
2690,겨재냉채 소스,기타
2689,견과류 강정 소스,기타
2688,견과류 멸치볶음 소스,기타
2687,견과류 쌈장 소스,기타
2686,견과류 쌈장 소스,기타
2685,결명자 소스,기타
2684,경단 조림 소스,기타
2683,경장 소스,기타
2682,고구마줄기 잡채 소스,기타
2681,고기 치즈 소스,기타
2680,고기양념 소스,기타
2679,고기재움 소스,기타
2678,고다드 소스,기타
2677,"고등어와 토마토, 샘파이어 샐러드 소스",기타
2676,고르곤졸라 마요네즈,기타
2675,고르곤졸라 버터 소스,기타
2674,고르곤졸라 소스,기타
2673,고르곤졸라 소스,기타
2672,고르곤졸라 치즈 딥,기타
2671,고르곤졸라 치즈 딥,기타
2670,고르곤졸라 치즈 소스,기타
2669,고르곤졸라 치즈 소스,기타
2668,고르곤졸라 치즈 소스,기타
2667,고르곤졸라 치즈 소스,기타
2666,고르곤졸라 크림 소스,기타
2665,고마다래 소스,기타
2664,고수 감귤 소스,기타
2663,고수 캐슈너트 소스,기타
2662,고운 미트 소스,기타
2661,고추 간장 소스,기타
2660,고추 기름 소스,기타
2659,고추 드레싱,기타
2658,고추 소스,기타
2657,고추기름,기타
2656,고추기름,기타
2655,고추기름 드레싱,기타
2654,고추기름 소스,기타
2653,고추냉이 간장 드레싱,기타
2652,고추냉이 드레싱,기타
2651,고추냉이 소스,기타
2650,고추냉이 소스,기타
2649,고추냉이 식초 소스,기타
2648,고추냉이 오렌지주스 드레싱,기타
2647,고추장 굴 소스,기타
2646,고추장 꼬막무침 소스,기타
2645,고추장 드레싱,기타
2644,고추장 마요네즈 소스,기타
2643,고추장 무침 소스,기타
2642,고추장 볶음 양념장,기타
2641,고추장 불고기 소스,기타
2640,고추장 비빔 소스,기타
2639,고추장 비빔국수 소스,기타
2638,고추장 소스,기타
2637,고추장 양념장,한국
2636,고추장 찌개장,한국
2635,고추장 크림 소스,기타
2634,고추장 튀김 소스,기타
2633,고추장볶음 소스,기타
2632,고추장불낙전골 소스,기타
2631,고추장양념,기타
2630,고추장찌개 소스,기타
2629,고추짱아찌 소스,기타
2628,고추피클 드레싱,기타
2627,고춧가루 간장 드레싱,기타
2626,고춧가루 참기름 드레싱,기타
2625,곤드레나물밥 소스,기타
2624,곤약버섯조림 소스,기타
2623,골 소스,기타
2622,골뱅이 무침 소스,기타
2621,골뱅이 무침 소스,기타
2620,골뱅이무침양념,기타
2619,곰보버섯 메추라기 소스,기타
2618,곰보버섯 소스,기타
2617,곰보버섯 소스,기타
2616,곰취 바나나 소스,기타
2615,과메기 소스,기타
2614,과사카카,베네수엘라
2613,과일 드레싱,기타
2612,과일샐러드 소스,기타
2611,과일아보카도 살사,기타
2610,과즙 겨자장,기타
2609,과카몰리 소스,멕시코
2608,과테말란페피안인디오 소스,과테말라
2607,광동식 우럭찜 소스,기타
2606,광동식 탕수육 소스,기타
2605,구운 마늘 드레싱,기타
2604,구운 마늘 소스,기타
2603,구운 마늘 올리브 드레싱,기타
2602,구운 마늘 크림치즈 디핑 소스,기타
2601,구운 배와 캐슈넛 스프레드,기타
2600,구운 버섯 드레싱,기타
2599,구운 베이컨 드레싱,기타
2598,구운 비트 드레싱,기타
2597,구운 사과 소스,기타
2596,구운 알감자 샐러드 소스,기타
2595,구운 양파 드레싱,기타
2594,구운 양파 올리브 드레싱,기타
2593,구운 콘샐러드와 허니라임 드레싱,기타
2592,구운 파프리카 드레싱,기타
2591,구운돼지고기 생강 소스,기타
2590,구운배 비네그래트,기타
2589,구운연어 스프레드,기타
2588,구주베리 처트니,기타
2587,군만두 소스,대만
2586,굴 소스,기타
2585,굴 소스,기타
2584,굴 소스,중국
2583,굴 소스,기타
2582,굴 소스 드레싱,기타
2581,굴 소스 드레싱,기타
2580,굴 크림 소스,기타
2579,굴라쉬,헝가리
2578,굴볶음 소스,기타
2577,굴소스간장 소스,기타
2576,굴콩나물찜양념장,기타
2575,궁보 소스,기타
2574,궁보 소스,기타
2573,궁보기정 소스,기타
2572,궁중떡볶이 소스,기타
2571,귤 드레싱,기타
2570,귤 소스,기타
2569,그랑 브뇌르 소스,기타
2568,그레이비 소스,캐나다
2567,그레이비 소스,영국
2566,그레이비 소스,가나
2565,그레이프프루트 소스,기타
2564,그리비슈 소스,기타
2563,그리비시 소스,기타
2562,그리스 스타일 비네그레트,기타
2561,그리스 스타일 샐러드,기타
2560,그리스식 샐러드 소스,기타
2559,그리스식 샐러드 소스,그리스
2558,그리스식 참치 샐러드 소스,기타
2557,그릭 소스,기타
2556,그린 가든 드레싱,기타
2555,그린 버터 소스,기타
2554,그린 소스,독일
2553,그린 파파야&칠리 샐러드 소스,기타
2552,그린커리 아몬드 소스,기타
2551,그린페퍼 소스,기타
2550,그릴비엔나 파머스 오믈렛,기타
2549,그물버섯 오일 소스,기타
2548,글라스 드 비앙드,기타
2547,글라스비안드,기타
2546,기자메 소스,기타
2545,기자메 소스,기타
2544,기타리 소스,탄자니아
2543,김치 소스,기타
2542,김치 양념장,한국
2541,김치밥 소스,기타
2540,김치비빔국수 양념장,기타
2539,김치양념 소스,기타
2538,까흐디날 소스,기타
2537,깐쇼 소스,기타
2536,깐쇼 소스,기타
2535,깐풍 드레싱,기타
2534,깐풍 소스,기타
2533,깐풍 소스,중국
2532,깐풍 소스,기타
2531,깐풍 소스,기타
2530,깐풍기 소스,기타
2529,깐풍기 소스,기타
2528,깔보 소스,기타
2527,깨 드레싱,기타
2526,깨 마요네즈 소스,기타
2525,깨 소스,기타
2524,깨간장드레싱,기타
2523,깻잎나물무침 소스,기타
2522,깻잎페스토,기타
2521,꽁치 감식초 볶음 소스,기타
2520,꽃게장양념,기타
2519,꿀 라임 소스,기타
2518,끓인 재움 양념,기타
2517,나메타케 소스,기타
2516,나물 양념 소스,기타
2515,나물 양념 소스,기타
2514,나물 페스토,기타
2513,나바랭 소스,기타
2512,나시고렝 소스,기타
2511,나쵸치즈 소스,기타
2510,나쵸치즈 소스,기타
2509,낙지 소스,기타
2508,낙지볶음 소스,기타
2507,낙지볶음 양념,기타
2506,낙지볶음 양념,기타
2505,낙지삼겹살새우볶음양념장,기타
2504,난방스,기타
2503,날치알 드레싱,기타
2502,남플라 소스,기타
2501,남플라 소스,기타
2500,낫토 드레싱,기타
2499,낫토 무침 소스,기타
2498,낭투아 소스,기타
2497,냉 누들 샐러드 소스,기타
2496,냉면다대기,기타
2495,냉와사비 소스,기타
2494,냉우동 샐러드 소스,기타
2493,냉채 소스,기타
2492,냉채 소스,기타
2491,냉채겨자장,기타
2490,냉채마늘 소스,기타
2489,냉채족발 겨자 소스,기타
2488,냉채족발 매콤 소스,기타
2487,냐마 초마,탄자니아
2486,너비아니 양념 소스,기타
2485,네이블 오렌지 소스,기타
2484,노각 볶음우동 소스,기타
2483,노각무침 소스,기타
2482,노각절임 소스,기타
2481,노란 소스,기타
2480,노란 소스,기타
2479,노란 피망 소스,기타
2478,노르망디 소스,기타
2477,노르망디 소스,기타
2476,노르웨이 양배추 말이,노르웨이
2475,노른자 비네거 소스,기타
2474,노른자 식초 소스,기타
2473,노른자 아욜리,기타
2472,노일리 소스,기타
2471,녹색 매운 소스,기타
2470,녹색 소스,기타
2469,녹색 타히니 소스,기타
2468,녹인 버터 소스,기타
2467,녹차 드레싱,기타
2466,녹차 크림 소스,기타
2465,녹차잎 드레싱,기타
2464,뉴 갈비 소스,기타
2463,뉴버그 소스,기타
2462,뉴버그 소스,기타
2461,느억맘 소스,기타
2460,느억참 소스,기타
2459,느억참 소스,기타
2458,느타리버섯을 올린 두부구이 소스,기타
2457,늙은호박 소스,기타
2456,니쿠자가 소스,기타
2455,다마리간장,기타
2454,다마미소,기타
2453,다시마 간장 소스,기타
2452,다시마 조림 소스,기타
2451,다크 체리 소스,기타
2450,단 망고 처트니,기타
2449,단감 드레싱,기타
2448,단식초 녹말 소스,기타
2447,단촛물,한국
2446,단촛물,기타
2445,단팥 디핑 소스,기타
2444,단호박 디핑 소스,기타
2443,단호박 맛탕 소스,기타
2442,단호박 스프레드,기타
2441,단호박 연유 드레싱,기타
2440,달걀 된장 소스,기타
2439,달걀 치즈 소스,기타
2438,달걀샐러드 소스,기타
2437,달고기 마늘 소스,기타
2436,달래 드레싱,기타
2435,달래간장,기타
2434,달콤한 고드 소스,미얀마
2433,달콤한 사과 처트니,기타
2432,달팽이 소스,기타
2431,닭 간 소스,기타
2430,닭 간 소스,기타
2429,닭 샤프란 소스,기타
2428,닭가슴살 라구 소스,기타
2427,닭갈비 소스,기타
2426,닭갈비 소스,기타
2425,닭갈비 소스,기타
2424,닭강정소스,기타
2423,닭고기 가지조림 소스,기타
2422,닭고기 구이 소스,기타
2421,닭고기 재움장,기타
2420,닭고기 조림장,기타
2419,닭고기 파기름 소스,기타
2418,닭날개조림장,기타
2417,닭냉채 소스,기타
2416,닭튀김 간장 소스,기타
2415,당근 드레싱,기타
2414,당근 소스,기타
2413,당근 소스,기타
2412,당근 소스,기타
2411,당근 양파 간장 드레싱,기타
2410,당근 페스토,기타
2409,당근드레싱,기타
2408,대구지리탕 소스,기타
2407,대추 발사믹 소스,기타
2406,대추 오일 소스,기타
2405,대파 달걀덮밥 소스,기타
2404,대하잣찜 소스,기타
2403,더덕 간장 드레싱,기타
2402,더덕 소스,기타
2401,더덕구이 고추장 소스,기타
2400,더덕구이 고추장 소스,기타
2399,더덕무침 양념장,기타
2398,더덕샐러드 드레싱,기타
2397,더덕생채 소스,기타
2396,데리야끼 드레싱,기타
2395,데리야끼 소스,기타
2394,데리야끼 소스,기타
2393,데리야끼 소스,기타
2392,데리야끼 소스,일본
2391,데리야끼 소스 A,기타
2390,데리야끼 쇠고기 소보로 주먹밥소스,기타
2389,데리야키 소스,기타
2388,데리야키 소스,기타
2387,데미글라스 바질 소스,기타
2386,데미글라스 소스,기타
2385,데미글라스 소스,프랑스
2384,데미글라스 소스,기타
2383,데미글라스 송로 소스,기타
2382,데미글라스 이탈리안 소스,기타
2381,데미글라스 캐라멜 소스,기타
2380,데미글라스 퓌레 소스,기타
2379,데미글래스 소스,기타
2378,도네어 소스,캐나다
2377,도루묵무국 소스,기타
2376,도르사 소스,기타
2375,도미찜 소스,기타
2374,도사 간장 소스,기타
2373,독일식 소스,기타
2372,돈 된장구이 소스,기타
2371,돈가스 소스,일본
2370,돈부리 소스,기타
2369,돈지루 소스,기타
2368,돌솥밥 양념장,기타
2367,동남아 스테이크 소스,기타
2366,동남아식 땅콩 소스,기타
2365,동남아식 잡채 소스,기타
2364,동양식 스테이크 소스,기타
2363,동치미 소스,기타
2362,동파육 소스,기타
2361,돼지갈비양념,기타
2360,돼지감자 조림 소스,기타
2359,돼지고기 고추장 소스,기타
2358,돼지고기 생강구이 소스,기타
2357,돼지고기 샤브샤브 샐러드 소스,기타
2356,돼지고기 소스,기타
2355,돼지고기 크림 소스,독일
2354,돼지고기주물럭양념,기타
2353,돼지불고기 소스,기타
2352,돼지앞다리 샤브샤브 샐러드 소스,기타
2351,된장 마요네즈 소스,기타
2350,된장 미트 그라탱 소스,기타
2349,된장 소스,기타
2348,된장 소스,기타
2347,된장 소스,기타
2346,된장 소스,기타
2345,된장 소스,기타
2344,된장 소스,기타
2343,된장 소스 그릴 채소구이 소스,기타
2342,된장 양념 소스,기타
2341,된장 양념장,한국
2340,된장 찌개장,한국
2339,된장 튀김 소스,기타
2338,된장과일 소스,기타
2337,된장무침 소스,기타
2336,된장버터치킨과 마늘 소스,기타
2335,된장불고기 소스,기타
2334,된장장아찌 소스,기타
2333,된장찌개 소스,기타
2332,된장찌개 소스,기타
2331,된장치즈 소스,기타
2330,두가지 색 콜슬로 소스,기타
2329,두글레 소스,기타
2328,두반 소스,기타
2327,두반장,대만
2326,두반장 드레싱,기타
2325,두반장 소스,기타
2324,두반장 참깨 초장,기타
2323,두부 깨 드레싱,기타
2322,두부 달걀 올리브 샐러드 소스,기타
2321,두부 딮 소스,기타
2320,두부 떡볶이 소스,기타
2319,두부 샐러드 소스,기타
2318,두부 소스,기타
2317,두부 조림 소스,기타
2316,두부 조림 소스,기타
2315,두부 조림 양념장,기타
2314,두부 참깨 드레싱,기타
2313,두부 크림 소스,기타
2312,두부 튀김 덮밥 소스,기타
2311,두부 흑임자 드레싱,기타
2310,두유 견과류 디핑 소스,기타
2309,두유 요거트 디핑 소스,기타
2308,두유요거트 드레싱,기타
2307,둘세 데 레체,우루과이
2306,뒤셀 소스,기타
2305,듀그레레 소스,기타
2304,듀글레 소스,기타
2303,듀글레 소스,기타
2302,들기름 드레싱,기타
2301,들깨 드레싱,기타
2300,들깨 드레싱,기타
2299,들깨 땅콩버터 드레싱,기타
2298,들깨 소스,기타
2297,들깨간장 소스,기타
2296,들깨드레싱 소스,기타
2295,들깨크림 소스,기타
2294,등갈비 양념,기타
2293,등심구이 소스,기타
2292,디바인 소스,기타
2291,디아블 소스,기타
2290,디아블 소스,기타
2289,디아블 소스,기타
2288,디저트 크림 소스,기타
2287,디종머스터드 드레싱,기타
2286,디종사이더 소스,기타
2285,디프로 매트 소스,기타
2284,디프로 매트 소스,기타
2283,딜 마요네즈 소스,기타
2282,딜 마요네즈 소스,기타
2281,딜 사워 크림 소스,기타
2280,딜 소스,기타
2279,딜 소스,기타
2278,딜 아보카도 딥,기타
2277,딜 요구르트 마요네즈 드레싱,기타
2276,따뜻한 고구마 샐러드 소스,기타
2275,따뜻한 렌즈콩 샐러드 소스,기타
2274,따뜻한 염소젖 치즈&시금치 샐러드 소스,기타
2273,따샤리네스 꼰 에스토파도,우루과이
2272,따우젠 드레싱,기타
2271,딸기 드레싱,기타
2270,딸기 마요네즈 드레싱,기타
2269,딸기 비네그레트,기타
2268,딸기 소스,기타
2267,딸기 소스,기타
2266,딸기 소스,기타
2265,딸기 소스,기타
2264,딸기 소스,기타
2263,딸기 요거트 소스,기타
2262,딸기 요거트 소스,기타
2261,딸기&마카다미아를 올린 시금치 샐러드 소스,기타
2260,딸기를 곁들인 모듬 채소 샐러드 소스,기타
2259,딸기요거트 양귀비 씨앗드레싱,기타
2258,땀막홍 소스,라오스
2257,땅콩 미소 드레싱,기타
2256,땅콩 발사믹 드레싱,기타
2255,땅콩 소스,대만
2254,땅콩 소스,기타
2253,땅콩 소스,기타
2252,땅콩 소스,기타
2251,땅콩 요구르트 드레싱,기타
2250,땅콩 참깨 소스,기타
2249,땅콩 튀김 소스,기타
2248,땅콩 호이진 드레싱,기타
2247,땅콩디핑 소스,기타
2246,땅콩버터 드레싱,기타
2245,땅콩버터 디핑 소스,기타
2244,땅콩버터(냉채) 소스,기타
2243,떡갈비 소스,기타
2242,떡갈비 소스,기타
2241,떡갈비 소스,기타
2240,떡갈비 소스1,기타
2239,떡갈비 소스2,기타
2238,떡꼬치 소스,기타
2237,떡볶음 소스,기타
2236,떡볶이 소스,기타
2235,또띠아 귤 피자 소스,기타
2234,뜨거운 오렌지 소스,기타
2233,뜨거운 오렌지 소스,기타
2232,라구 소스,기타
2231,라비고트 소스,기타
2230,라비고트 소스,기타
2229,라오스 가지 소스,라오스
2228,라이스 수프,콜롬비아
2227,라이스페이퍼롤 소스,기타
2226,라이타 소스,파키스탄
2225,라임 마카다미아 연유 소스,기타
2224,라임 무 소스,기타
2223,라임 브라질 넛트 연유 소스,기타
2222,라임 생강 소스,기타
2221,라임 아몬드 연유 소스,기타
2220,라임 잣 연유 소스,기타
2219,라임 캐슈넛 연유 소스,기타
2218,라임 피클 소스,기타
2217,라임 호두 연유 소스,기타
2216,라임마요 소스,기타
2215,라임즙 마요네즈 소스,기타
2214,라임청 폰즈 소스,기타
2213,라임크림 소스,기타
2212,라조기 소스,기타
2211,라즈베리 발사믹 글레이즈 삽겹살구이 소스,기타
2210,라즈베리 비네그레트,기타
2209,라즈베리 소스,기타
2208,라헬 소스,기타
2207,락사 소스,말레이시아
2206,락사 소스,기타
2205,랍스터 소스,기타
2204,랍스터 소스,기타
2203,래포흐모 소스,기타
2202,랜치드레싱,기타
2201,러시아 드레싱 소스,러시아
2200,러시아식 마늘 소스,기타
2199,레드 와인 비네그리트 소스,기타
2198,레드 와인 소스,기타
2197,레드 와인 소스,남아프리카 공화국
2196,레드 와인 양파 소스,기타
2195,레드 와인 재움 양념,기타
2194,레드 커리 두부 소스,기타
2193,레드 토마토 그레비 소스,잠비아
2192,레드빈 소스,미국
2191,레드살사,기타
2190,레드와인 드레싱,기타
2189,레드와인 무화과 드레싱,기타
2188,레드와인 비네그레트,아르헨티나
2187,레드와인 소스,기타
2186,레드와인 소스,기타
2185,레드와인 소스,기타
2184,레드와인 소스,기타
2183,레드칠리 소스,기타
2182,레드커런트와 사과 처트니,기타
2181,레몬 간장 드레싱,기타
2180,레몬 갈릭 드레싱,기타
2179,레몬 갈릭 샐러드 드레싱,기타
2178,레몬 땅콩 드레싱,기타
2177,레몬 마요 드레싱,기타
2176,레몬 마카다미아 연유 소스,기타
2175,레몬 메이플럼 드레싱,기타
2174,레몬 무 소스,기타
2173,레몬 버터 소스,기타
2172,레몬 버터 소스,기타
2171,레몬 버터 소스,기타
2170,레몬 브라질 넛트 연유소스,기타
2169,레몬 비네그레이트,기타
2168,레몬 비네그레트 드레싱,기타
2167,레몬 비네그리트 소스,기타
2166,레몬 샐러드 드레싱,기타
2165,레몬 생강 소스,기타
2164,레몬 셔벗 딸기 소스,기타
2163,레몬 소스,기타
2162,레몬 소스,기타
2161,레몬 소스,기타
2160,레몬 소스,기타
2159,레몬 소스,기타
2158,레몬 소스,기타
2157,레몬 아몬드 연유 소스,기타
2156,레몬 올리브 소스,기타
2155,레몬 잣 연유 소스,기타
2154,레몬 치아시드 드레싱,기타
2153,레몬 캐슈넛 연유 소스,기타
2152,레몬 크림 소스,기타
2151,레몬 피클 소스,기타
2150,레몬 호두 연유 소스,기타
2149,레몬간장 소스,기타
2148,레몬과 허브를 곁들인 분어감자구이 소스,기타
2147,레몬드레싱,기타
2146,레몬디핑 소스,기타
2145,레몬소금 소스,기타
2144,레몬오일드레싱,기타
2143,레몬주스 참치 소스,기타
2142,레몬청 드레싱,기타
2141,레몬청 폰즈 소스,기타
2140,레몬커드 소스,기타
2139,레몬크림 소스,기타
2138,레몬페퍼 소스,기타
2137,레물라드 소스,기타
2136,레물라드 소스,기타
2135,레물라드 소스,기타
2134,레바논 마늘 소스,기타
2133,렌치소스,기타
2132,로마식 소스,기타
2131,로버트 소스,기타
2130,로베로 소스,기타
2129,로스트 레드 페퍼 홈무스,기타
2128,로제 드레싱,기타
2127,로즈마리 레몬 소스,기타
2126,로즈마리 마리네이드 소스,기타
2125,로즈마리 블렌더 오일 소스,기타
2124,로즈마리 소스,기타
2123,로즈마리 오일 소스,기타
2122,로즈마리 크림 소스,기타
2121,로지종,우즈베키스탄
2120,로코메코 소스,스페인
2119,로크포르 드레싱을 곁들인 브로콜리& 콜리플라워 샐러드 드레싱,기타
2118,로크포르치즈 소스,기타
2117,로크포르치즈 소스,기타
2116,루꼴라 민트 피스투,기타
2115,루꼴라 페스토,기타
2114,루아얄 소스,기타
2113,루앙식 소스,기타
2112,루유,기타
2111,류테니차,불가리아
2110,리오네즈 소스,기타
2109,리오네즈 소스,기타
2108,리치 소스,기타
2107,리코타 소스,기타
2106,리코타 칼라마타 토마토 딥,기타
2105,마 드레싱,기타
2104,마늘 간장 소스,기타
2103,마늘 간장 소스,기타
2102,마늘 겨자 냉채 소스,중국
2101,마늘 고추장 소스,기타
2100,마늘 레드와인 식초 드레싱,기타
2099,마늘 루유,기타
2098,마늘 마요네즈 소스,기타
2097,마늘 머스타드 소스,기타
2096,마늘 발사믹 드레싱,기타
2095,마늘 버섯 소스,기타
2094,마늘 버터 소스,기타
2093,마늘 버터 소스,기타
2092,마늘 버터 소스,기타
2091,마늘 소스,기타
2090,마늘 소스,기타
2089,마늘 소스,기타
2088,마늘 소스,사우디아라비아
2087,마늘 소스,콜롬비아
2086,마늘 소스,기타
2085,마늘 소스(냉채),기타
2084,마늘 소스(냉채),기타
2083,마늘 올리브유 소스,기타
2082,마늘 치킨 바비큐 소스,기타
2081,마늘 케이퍼 소스,기타
2080,마늘 쿨리,기타
2079,마늘 크러스트,기타
2078,마늘 크림 소스,기타
2077,마늘 크림 소스,기타
2076,마늘 타임 크림 소스,기타
2075,마늘 허니 소스,기타
2074,마늘 허브 버터 소스,기타
2073,마늘 호이진 드레싱,기타
2072,마늘 홍초 드레싱,기타
2071,마늘 흑초 드레싱,기타
2070,마늘보쌈 소스,기타
2069,마늘종무침 소스,기타
2068,마늘쿨리 소스,기타
2067,마늘크림 소스,기타
2066,마늘크림 소스,기타
2065,마데라 마늘 소스,기타
2064,마데이라 소스,기타
2063,마데이라 와인 소스,기타
2062,마데이라 와인 소스,기타
2061,마라샹궈 소스,기타
2060,마르살라 소스,기타
2059,마르상드 소스,기타
2058,마리네 소스,기타
2057,마리네주스 소스,기타
2056,마살라 소스,기타
2055,마스카포네 크림,기타
2054,마스코프 소스,이라크
2053,마요 소스,기타
2052,마요네드 머스터드 드레싱,기타
2051,마요네즈,기타
2050,마요네즈 고추샐러드 소스,기타
2049,마요네즈 된장 소스,기타
2048,마요네즈 드레싱,기타
2047,마요네즈 미숫가루 소스,기타
2046,마요네즈 소스,기타
2045,마요네즈 소스,프랑스
2044,마요네즈 소스,기타
2043,마요네즈 요거트 드레싱,기타
2042,마요네즈 요거트 드레싱 감자 샐러드 소스,기타
2041,마요네즈 우유 드레싱,기타
2040,마카다미아 캐슈넛 마늘 허브 스프레드,기타
2039,마카로니 치즈 소스,미국
2038,마테롯 소스,기타
2037,마파 덮밥 소스,중국
2036,마파두부 소스,기타
2035,마파두부 소스,기타
2034,만능 불고기 간장 소스,기타
2033,만능고추장 소스,기타
2032,만다린 소스,기타
2031,만다린 오렌지와 치커리&라디치오 샐러드 소스,기타
2030,말린 과일 처트니 소스,남아프리카 공화국
2029,말차 크림 소스,기타
2028,말타이즈 계란 소스,기타
2027,말타이즈 소스,기타
2026,맑은탕 소스,기타
2025,맛간장 소스,기타
2024,망고 드레싱,기타
2023,망고 소스,기타
2022,망고 소스,칠레
2021,망고 소스,기타
2020,망고 소스,남아프리카 공화국
2019,망고 요거트 살사,기타
2018,망고 우유 드레싱,기타
2017,망고 코코넛 디핑 소스,기타
2016,망고 할라피뇨 소스,기타
2015,망고살사,기타
2014,매실 소스,기타
2013,매실 폰즈 소스,기타
2012,매실고추장 소스,기타
2011,매실비빔 소스,기타
2010,매실장아찌 간장 소스,기타
2009,매실장아찌 소스,기타
2008,매실청 겨자 드레싱,기타
2007,매실청 드레싱,기타
2006,매실청 드레싱,기타
2005,매운 고수 소스,네팔
2004,매운 고추 소스,기타
2003,매운 닭불고기 소스,기타
2002,매운 돼지갈비찜 소스,기타
2001,매운 망고 처트니,기타
2000,매운 베이컨 소스,기타
1999,매운 불고기 양념장,기타
1998,매운 사천 소스,중국
1997,매운 인디언 처트니,기타
1996,매운 재움 양념,기타
1995,매운 참기름 간장 소스,기타
1994,매운 크레송 페스토,기타
1993,매운 튀김 소스,기타
1992,매운 파파야 처트니,기타
1991,매운 해물떡볶이 소스,기타
1990,매운 햄 스프레드,기타
1989,매운 홍초 드레싱,기타
1988,매운간장 소스,기타
1987,매운구이양념 소스,기타
1986,매운탕 소스,기타
1985,매운허니라임닭구이 소스,기타
1984,매콤 된장 드레싱,기타
1983,매콤 생강 간장 소스,기타
1982,매콤 생강 간장 소스,기타
1981,매콤 쫄면 소스,기타
1980,매콤 커리 소스,기타
1979,매콤한 데리야끼 소스,기타
1978,매콤한 발사믹 글레이즈,기타
1977,매콤한 비빔 소면소스,기타
1976,매콤한 비트 스프레드,기타
1975,매콤한 소스,기타
1974,매콤한 코코넛 새우 소스,기타
1973,매콤한 토마토 소스,기타
1972,매콤한 페스토 드레싱,기타
1971,"매콤한, 상큼한 치즈볶음 소스",기타
1970,매터로우트 소스,기타
1969,맥적 구이 소스,기타
1968,맥적 소스,기타
1967,맥적 소스,기타
1966,맬바 소스,기타
1965,맬바 소스,기타
1964,머쉬룸 소스,기타
1963,머쉬룸 소스,기타
1962,머스타드 버터 소스,기타
1961,머스타드 소스,기타
1960,머스타드 와인 딜 소스,기타
1959,머스터드 베샤멜,기타
1958,머스터드 소스,기타
1957,머스터드 소스,기타
1956,머스터드마요 소스,기타
1955,멈보 소스,미국
1954,멍게 살사,기타
1953,메로구이 소스,기타
1952,메밀국수 간장 소스,기타
1951,메이플 발사믹 드레싱,기타
1950,메이플 생크림 드레싱,기타
1949,메이플 시럽을 발라 구운 베이컨 소스,기타
1948,메이플 치포슬 비네그레트,기타
1947,메이플 크랜베리 소스,캐나다
1946,메이플시럽 드레싱,기타
1945,메트로 도텔 버터 소스,기타
1944,메트로 도텔 버터 소스,기타
1943,메트르 도텔 버터 소스,기타
1942,메트르 도텔 베샤멜,기타
1941,메틀레스 소스,기타
1940,멕시코 소스,기타
1939,멕시코 칠리 소스,멕시코
1938,멘보샤 소스,기타
1937,멜론 드레싱,기타
1936,멜론 오일 소스,기타
1935,멜론 오일 소스,기타
1934,멜리차노살라타,그리스
1933,멜바 소스,호주
1932,멸치 쌈장,기타
1931,명란 라임 소스,기타
1930,명란 소스,기타
1929,명란 크림치즈 디핑 소스,기타
1928,명란젓 드레싱,기타
1927,명란젓 드레싱,기타
1926,명란젓순두부찌개 소스,기타
1925,명란크림 소스,기타
1924,모과청 드레싱,기타
1923,모닝글로리 볶음 소스,기타
1922,모렐 머쉬룸 소스,기타
1921,모렐 소스,기타
1920,모렐 소스,기타
1919,모로칸 타진,기타
1918,모르네 소스,기타
1917,모르네이 소스,프랑스
1916,모르네이 소스,기타
1915,모모,네팔
1914,모조 소스,베네수엘라
1913,모즈쿠스,기타
1912,모짜렐라 파니니 소스,기타
1911,모카커피 소스,기타
1910,몬메이 소스,기타
1909,몰레 소스,멕시코
1908,몰레 소스,과테말라
1907,몰레 포블라노,기타
1906,몰류 지 마라쿠자,브라질
1905,몰류 지 피멘타,브라질
1904,몰타식 마요네즈,기타
1903,몽골리안 비프 소스,기타
1902,몽골리안 소스,기타
1901,몽골리안 소스,기타
1900,몽골리안 소스,기타
1899,몽골리안비프 소스,기타
1898,몽키그란드 소스,남아프리카 공화국
1897,무 라임 소스,기타
1896,무 레몬 장,기타
1895,무말랭이 무침 양념장,기타
1894,무사카 소스,그리스
1893,무세린 마요네즈 소스,기타
1892,무슬린 소스,기타
1891,무슬린 소스,기타
1890,무우 소스,기타
1889,무즙 가라아게 소스,기타
1888,무즙 폰즈 드레싱,기타
1887,무침 소스,기타
1886,무화과 소스,기타
1885,묵무침 양념장 소스,기타
1884,문어 토마토 소스,기타
1883,문어덮밥 소스,기타
1882,문어유자 소스,기타
1881,미가도 소스,기타
1880,미고렝 소스,기타
1879,미나리 페스토,기타
1878,미니오네트 소스,기타
1877,미다라시 단고 소스,기타
1876,미리나라 소스,기타
1875,미림 소금 폰즈,기타
1874,미소 겨자 드레싱,기타
1873,미소 돈가스 소스,기타
1872,미소 된장 드레싱,기타
1871,미소 드레싱,기타
1870,미소 산초 소스,기타
1869,미소 소스,기타
1868,미소된장 소스,기타
1867,미소딥 소스,기타
1866,미소진저드레싱 두부샐러드,기타
1865,미역무침초,기타
1864,미역오이무침 소스,기타
1863,미역줄기 볶음 소스,기타
1862,미트 치즈 소스,기타
1861,민어강정 소스,기타
1860,민트 오일 소스,기타
1859,민트 초콜릿 소스,기타
1858,"민트, 고수 쳐트니",인도(인디아)
1857,민트살사 소스,기타
1856,밀레니엄 소스,기타
1855,밀면 소스,기타
1854,밀푀유나베 소스,기타
1853,바나나 드레싱,기타
1852,바나나 크림,기타
1851,바냐 카우다,기타
1850,바냐 카우더 마요네즈 소스,기타
1849,바닐라 바닷가재 소스,기타
1848,바닐라 소스,기타
1847,바닐라 소스,프랑스
1846,바닐라 소스,오스트리아
1845,바닐라 크림 소스,기타
1844,바닷가재 버터 소스,기타
1843,바닷가재 소스,기타
1842,바닷가재 소스,기타
1841,바닷가재 오일,기타
1840,바라 사림솝리 바 감도릭 차카,우즈베키스탄
1839,바르시치,폴란드
1838,바바 가누쉬,이란
1837,바바 가니쉬,기타
1836,바바리 코 아차르,네팔
1835,바비큐 소스,기타
1834,바비큐 소스,기타
1833,바비큐 소스,캐나다
1832,바비큐 소스,기타
1831,바비큐 소스,기타
1830,바비큐 소스,기타
1829,바비큐 소스,기타
1828,바비큐 포크 소스,기타
1827,바비큐 폭립 소스,기타
1826,바삭불고기 소스,기타
1825,바싹불고기 소스,기타
1824,바이런 소스,기타
1823,바질 버터 소스,기타
1822,바질 버터 소스,기타
1821,바질 버터 소스,기타
1820,바질 아이올리,기타
1819,바질 키위 소스,기타
1818,바질 파인애플 소스,기타
1817,바질 페스토,기타
1816,바질 페스토 드레싱,기타
1815,바질 페스토 소스,기타
1814,바질 페스토 소스,기타
1813,바질풍미의 감자크림 소스,기타
1812,박하 소스,기타
1811,반미 소스,기타
1810,반베오 디핑 소스,기타
1809,발사미코 소스,기타
1808,발사믹 글레이즈,기타
1807,발사믹 드레싱,기타
1806,발사믹 드레싱,이탈리아
1805,발사믹 드레싱,기타
1804,발사믹 딥,기타
1803,발사믹 비네그레트 소스,기타
1802,발사믹 소스,기타
1801,발사믹 소스,기타
1800,발사믹 시트러스 드레싱,기타
1799,발사믹 식초 드레싱,기타
1798,발사믹 식초 소스,기타
1797,발사믹 오일 소스,기타
1796,발사믹 치즈 소스,기타
1795,발사믹 허니 드레싱,기타
1794,발사믹 허브 소스,기타
1793,발사믹비네거와 퐁 드 뵈 소스,기타
1792,발사믹절임 소스,기타
1791,발사믹토마토살사,기타
1790,밤 꿀 소스,기타
1789,밤 소스,기타
1788,밤 스프레드,기타
1787,밤크림,기타
1786,방울 토마토 올리브유 드레싱,기타
1785,배 사워 마요네즈 소스,기타
1784,배 소스,기타
1783,배 소스,기타
1782,배 쿨리 소스,기타
1781,배와 라임 처트니,기타
1780,배와 레몬 처트니,기타
1779,배즙 드레싱,기타
1778,배즙 소스,기타
1777,배추 겉절이 양념,기타
1776,배추국밥 양념장,기타
1775,배추닭다리살 간장조림 소스,기타
1774,백년초 드레싱,기타
1773,백순대 볶음 딥핑 소스,기타
1772,백순대볶음 소스,기타
1771,백포도주 마보람 소스,기타
1770,백포도주 소스,기타
1769,백포도주 소스,기타
1768,백포도주 소스,프랑스
1767,백포도주 소스,기타
1766,백포도주 소스,기타
1765,백포도주 소스,기타
1764,백포도주 소스,기타
1763,백포도주 소스,기타
1762,백포도주 시금치 소스,기타
1761,백포도주 양파 소스,기타
1760,버번 칵테일 소스,기타
1759,버섯 두부 파스타 소스,기타
1758,버섯 라구 소스,기타
1757,버섯 버터 소스,기타
1756,버섯 베샤멜,기타
1755,버섯 소스,기타
1754,버섯 소스,콜롬비아
1753,버섯 소스,기타
1752,버섯 양파 소스,기타
1751,버섯 오일 소스,기타
1750,버섯 오일 소스,기타
1749,버섯 이탈리안파슬리 페스토,기타
1748,버섯 치즈 크림 소스,기타
1747,버섯 크림 소스,기타
1746,버섯볶음 소스,기타
1745,버섯샐러드 소스,기타
1744,버섯장아찌 소스,기타
1743,버섯크림 소스,기타
1742,버진 토마토 소스,기타
1741,버터 럼 소스,기타
1740,버터 블랑 소스,기타
1739,버터 소스,기타
1738,버터 소스,기타
1737,버터 양배추 소스,기타
1736,버터 캐러멜 소스,기타
1735,버터 토마토 소스,우루과이
1734,버터밀크카라멜 소스,기타
1733,벌꿀 요구르트 드레싱,기타
1732,베네주엘라 소스,기타
1731,베르마니 소스,기타
1730,베르무트 소스,기타
1729,베르베레,에티오피아
1728,베르시 버터 소스,기타
1727,베르시 소스,기타
1726,베리 소스,기타
1725,베샤멜 계란 소스,기타
1724,베샤멜 마요네즈 소스,기타
1723,베샤멜 소스,프랑스
1722,베샤멜 소스,기타
1721,베샤멜 소스,기타
1720,베샤멜 휘핑 소스,기타
1719,베샤멜라,기타
1718,베어네이즈 소스,기타
1717,베어네이즈 소스(기본 레시피),기타
1716,베어네즈 소스,기타
1715,베어네즈 소스,기타
1714,베이컨 샌드위치 소스,기타
1713,베이컨 크림 소스,기타
1712,베이컨을 곁들인 블루 치즈&프리세 샐러드 소스,기타
1711,베이컨을 곁들인 워터크레스&사과 샐러드 소스,기타
1710,베트남 새우 누들 샐러드 소스,기타
1709,벨롯데 소스,기타
1708,벨루떼 고체 소스,기타
1707,벨루떼 라임 소스,기타
1706,벨루테 소스(기본 레시피),기타
1705,벨페퍼 소스,기타
1704,병아리콩 드레싱,기타
1703,병아리콩 민트 스프레드,기타
1702,병어깨 소스,기타
1701,보드카 버터 소스,기타
1700,보드카 토마토 버터 소스,기타
1699,보르도레이즈,기타
1698,보졸레 소스,기타
1697,보타르가 버터 소스,기타
1696,보헤미안 마요네즈 소스,기타
1695,보흐델레즈 소스,기타
1694,보흐델레즈 소스,기타
1693,복분자 드레싱,기타
1692,복분자 소스,기타
1691,복분자 요거트 소스,기타
1690,복숭아 드레싱,기타
1689,복숭아 크림 소스,기타
1688,복숭아드레싱,기타
1687,볶은 파 우유 소스,기타
1686,볶음 고추장 소스,기타
1685,볼로냐식 고기 소스,기타
1684,볼케이노 소스,기타
1683,봄동 샐러드 소스,기타
1682,봉골레 소스,이탈리아
1681,뵈르 마니에,기타
1680,뵈르 퐁뒤 소스,기타
1679,뵈흐 블랑 소스,기타
1678,뵈흐 블랑 소스,기타
1677,부르고뉴식 버터 소스,기타
1676,부르고뉴풍의 에스카르고 버터 소스,기타
1675,부르귀뇽 소스,기타
1674,부추 드레싱,기타
1673,부추 페스토,기타
1672,부추무침 소스,기타
1671,부추무침 소스,기타
1670,부추무침 소스,기타
1669,부타동 소스,기타
1668,북어구이 고추양념 소스,기타
1667,북어조림 소스,기타
1666,북어채 고추장 볶음 소스,기타
1665,분짜 소스,기타
1664,분짜 소스,기타
1663,불고기 꼬치 샐러드 소스,기타
1662,불고기 소스,기타
1661,불고기 소스,기타
1660,불고기 소스,기타
1659,불고기 소스,기타
1658,불고기 우엉 떡잡채소스,기타
1657,불고기들깨소스,기타
1656,붉은 과일 소스,기타
1655,붉은 양배추&자몽을 곁들인 그린 샐러드 소스,기타
1654,붉은 옥수수 살사,기타
1653,붉은 체리 소스,기타
1652,붉은 피망 소스,기타
1651,브라바,스페인
1650,브라운 그래비 소스,기타
1649,브라운 소스,기타
1648,브라운 소스,기타
1647,브라운 소스,기타
1646,브라운 소스,기타
1645,브라운 스톡,기타
1644,브라운 양송이 소스,기타
1643,브라운 양송이 소스,기타
1642,브라운 치킨,기타
1641,브라운 치킨 소스,기타
1640,브랑다드를 곁들인 대구 포아레,기타
1639,브랜디 라즈베리 카라멜 소스,기타
1638,브랜디 소스,기타
1637,브랜디 재움 양넘,기타
1636,브레드 소스,호주
1635,브레통 소스,기타
1634,브레통 소스,기타
1633,브로콜리 소스,기타
1632,브로콜리두부무침 소스,기타
1631,"브리, 무화과 생채소 무침 소스",기타
1630,블랑제르풍의 감자와 크림 도피누아를 곁들인 어린양 구이 소스,기타
1629,블랙 소스,카메룬
1628,블랙 올리브 페스토,기타
1627,"블랙 올리브, 셀러리&오렌지 샐러드 소스",기타
1626,블랙베리 바이브 스파이스 소스,기타
1625,블랙빈 소스,기타
1624,블랙올리브 소스,기타
1623,블랙올리브 소스,기타
1622,블랙올리브 타프나드 소스,기타
1621,블러드 오렌지를 곁들인 치커리 샐러드 소스,기타
1620,블루 치즈 드레싱,기타
1619,블루베리 드레싱,기타
1618,블루베리 소스,기타
1617,블루베리 소스,기타
1616,블루베리 요거트 소스,기타
1615,블루베리크림,기타
1614,블루치즈 드레싱,기타
1613,블루치즈 드레싱 소스,기타
1612,블루치즈 바질 딥,기타
1611,블루치즈 비네그레트,아르헨티나
1610,블루치즈 스프레드,기타
1609,비가라드 소스,기타
1608,비가리드 소스,기타
1607,비고스,폴란드
1606,비나그레치,브라질
1605,비네거 간장 소스,기타
1604,비네거 소스,기타
1603,비네거 토마토 소스,기타
1602,비네그레트,기타
1601,비네그렛 소스,기타
1600,비네그렛 소스,기타
1599,비네그렛 소스,기타
1598,비둘기 살미 소스,기타
1597,비빔 당면 소스,기타
1596,비빔간장양념 소스,기타
1595,비빔국수 소스,기타
1594,비빔당면 소스,기타
1593,비빔당면 소스,기타
1592,비빔밥 피자 소스,기타
1591,비빔밥고추장,기타
1590,비스큐 소스,기타
1589,비안코 소스,기타
1588,비취 드레싱,기타
1587,비트 소스,기타
1586,비트 처트니,기타
1585,비트 트러플 소스,기타
1584,비트 홈무스,기타
1583,비프 데리야키 소스,기타
1582,비프 데리야키 소스,기타
1581,빅토리아 소스,기타
1580,빌레르와 소스,기타
1579,빙블랑 소스,기타
1578,빠엘라 소스,기타
1577,빨간색 파프리카 소스,기타
1576,빨르와즈 소스,기타
1575,쁘하브하드 소스,기타
1574,사계절 처트니,기타
1573,사과 간장 드레싱,기타
1572,사과 간장 소스,기타
1571,사과 건포도 소스,기타
1570,사과 고추장 드레싱,기타
1569,사과 돈가스 소스,기타
1568,사과 드레싱,기타
1567,사과 드레싱,기타
1566,사과 마늘 소스,기타
1565,사과 마요 드레싱,기타
1564,사과 미나리 드레싱,기타
1563,사과 미소된장 드레싱,기타
1562,사과 비트 드레싱,기타
1561,사과 사워 마요네즈 소스,기타
1560,사과 사이다 비네그레트,기타
1559,사과 소스,기타
1558,사과 소스,기타
1557,사과 소스,기타
1556,사과 처트니,기타
1555,사과 초고추장 소스,기타
1554,사과 크림 소스,기타
1553,사과간장 소스,기타
1552,사과무침 돼지불고기 소스,기타
1551,사과비빔장,기타
1550,사과양파 처트니,기타
1549,사과와 토마토 처트니,기타
1548,사과와 포도 처트니,기타
1547,사과와인스테이크 소스,기타
1546,사과주 소스,기타
1545,사과주스 데리야끼 소스,기타
1544,사때 소스,기타
1543,사때 소스,기타
1542,사마키,탄자니아
1541,사바용 소스,기타
1540,사바용 소스,기타
1539,사바용 소스,기타
1538,사바이용 소스,기타
1537,사슴 소스,기타
1536,사시육 소스,기타
1535,사시육 소스,기타
1534,사우어 크림 소스,기타
1533,사우전드 아일랜드 드레싱,기타
1532,사우전드 아일랜드 소스,기타
1531,사우전드 아일랜드 소스,기타
1530,사우전아일랜드 드레싱,미국
1529,사우젼드 아일랜드 드레싱 쉐프 샐러드 소스,기타
1528,사워크림 드레싱,기타
1527,사워크림 딥,기타
1526,사이다 머스타드 소스,기타
1525,사천 소스,기타
1524,사천 소스,기타
1523,사천식 가지볶음 소스,기타
1522,사쿠라니,기타
1521,사쿠라니,기타
1520,사탕무우 처트니,기타
1519,사프란 소스,기타
1518,산꼬초,파나마
1517,산꼬초,콜롬비아
1516,산딸기 오리 소스,기타
1515,산라탕 소스,기타
1514,산마 소스,기타
1513,산토끼 피 소스,기타
1512,살구 소스,남아프리카 공화국
1511,살구 소스,기타
1510,살구 앤쵸칠리 바비큐 소스,기타
1509,살구 크림,기타
1508,살미 소스,기타
1507,살사 드레싱,기타
1506,살사 버디,기타
1505,살사 베르데,베네수엘라
1504,살사 소스,기타
1503,살사 소스,기타
1502,살사 소스,우루과이
1501,삼겹살 냉채 소스,기타
1500,삼겹살 생강구이 소스,기타
1499,삼겹살볶음 미소 소스,기타
1498,삼계탕 샐러드 드레싱,기타
1497,삼발 소스,말레이시아
1496,삼치조림양념,기타
1495,삼합장과 소스,기타
1494,삼합초 조림장 소스,기타
1493,상하이 볶음 소스,기타
1492,상하이 볶음 소스,기타
1491,상해식 두반장 소스,기타
1490,상해식 두반장 소스,기타
1489,새송이 떡갈비 소스,기타
1488,새우 버터 소스,기타
1487,새우 보보,브라질
1486,새우 소스,기타
1485,새우 소스,기타
1484,새우 오일 소스,기타
1483,새우젓 드레싱,기타
1482,새우젓 소스,기타
1481,새우칠리 소스,기타
1480,새우칠리 소스,인도네시아
1479,샐러드 니수아즈 소스,기타
1478,샐러드 드레싱,기타
1477,샐러드 마요네즈 소스,기타
1476,샐러리 소스,기타
1475,생 토마토 소스,기타
1474,생강 간장 소스,기타
1473,생강 강황 드레싱,기타
1472,생강 된장 소스,기타
1471,생강 드레싱,기타
1470,생강 라임 소스,기타
1469,생강 레몬 소스,기타
1468,생강 마요 드레싱,기타
1467,생강 시트러스 샐러드 드레싱,기타
1466,생강 액젓 소스,기타
1465,생강 올리브유 소스,기타
1464,생강 커리 비네그레트,기타
1463,생강 코코넛 소스,기타
1462,생강구이 소스,기타
1461,생강소스(냉채),기타
1460,생강을 곁들인 호박과 사과 소스,기타
1459,생강향의 오렌지 소스,기타
1458,생선 생강 소스,기타
1457,생선 치즈 소스,기타
1456,생선 허브 소스,이라크
1455,생선 화이트와인 소스,기타
1454,생선/양고기를 재워두는 소스,기타
1453,생선뼈 소스,기타
1452,생선육수 소스,기타
1451,생선조림 소스,기타
1450,생채무침소스,기타
1449,생크림 드레싱,기타
1448,생크림 소스,기타
1447,생크림 소스,기타
1446,생표고 돼지갈비찜 소스,기타
1445,샤또 마니 소스,기타
1444,샤또브리앙 소스,기타
1443,샤브 고마 소스,기타
1442,샤브샤브 소스,기타
1441,샤슈르 소스,기타
1440,샤슈르 소스,기타
1439,샤워크림소스,기타
1438,샤토브리앙 소스,기타
1437,샤토브리앙 소스,기타
1436,샤토브리앙 소스,기타
1435,샤프라 소스,기타
1434,샤프란 소스,기타
1433,샤프란 크림 소스,기타
1432,샤프란 크림 소스,기타
1431,샤프란레몬 소스,기타
1430,샥슈카,기타
1429,샬롯 겨자 소스,기타
1428,샴보흐드 소스,기타
1427,샴페인 비네가 소스,기타
1426,샴페인 소스,기타
1425,샹티이 소스,기타
1424,서리태 드레싱,기타
1423,서양 대파 소스,기타
1422,서양식 들깨 소스,기타
1421,서양식 참깨 소스,기타
1420,서양호박과 사과 처트니,기타
1419,서양호박과 사과 처트니,기타
1418,서양호박과 토마토 처트니,기타
1417,석류 BBQ 소스,기타
1416,석류 드레싱,기타
1415,석류 소스,기타
1414,석류불고기 소스,기타
1413,성게 무스 소스,기타
1412,성게알 아이올리,기타
1411,세비체 소스,기타
1410,세비쳬 소스,기타
1409,세이지 버터 소스,기타
1408,세이킹비프 쇠고기 플럼볶음과 라임 자스민 라이스 소스,기타
1407,셀러리페스토,기타
1406,셰르부르 소스,기타
1405,셰리 식초 스테이크 소스,아르헨티나
1404,셰비체 소스,페루
1403,셰타이 마리네이드 소스,기타
1402,소갈비찜 소스,기타
1401,소고기 떡볶음 소스,기타
1400,소고기 스테이크 덮밥,기타
1399,소고기 육수 소스,기타
1398,소고기 커리 소스,카메룬
1397,소고기 편채 겨자장,기타
1396,소금 버터 캐러멜 소스,기타
1395,소금 파 소스,기타
1394,소금 폰즈,기타
1393,소금갈비 양념,기타
1392,소떡소떡 소스,기타
1391,소떡소떡 소스,기타
1390,소바 소스,기타
1389,소바카에시,기타
1388,소파데카라콜,온두라스
1387,솔잎 꿀 드레싱,기타
1386,솜땀 소스,기타
1385,솜땀 소스,기타
1384,송아지뼈 갈색육수 소스,기타
1383,쇠고기 드레싱,기타
1382,쇠고기 아스파라거스 볶음 소스,기타
1381,쇠고기롤 소스,기타
1380,쇼룽 소스,기타
1379,쇼르바,기타
1378,수말락,우즈베키스탄
1377,수박 카라멜 소스,기타
1376,수비즈 소스,기타
1375,수비즈 소스,기타
1374,수삼 요구르트 드레싱,기타
1373,수삼요구르트 소스,기타
1372,수젯 소스,기타
1371,숙주 및 파절이 소스,기타
1370,순대볶음 소스,기타
1369,순두부양념장,기타
1368,순두부찌개 소스,기타
1367,순살 아귀해물찜 소스,기타
1366,쉬운 베어네이즈 소스,기타
1365,슈루즈버리 소스,영국
1364,슈미즈 소스,기타
1363,슈프림 소스,기타
1362,슈프림 소스,프랑스
1361,슈프림 소스,기타
1360,슈프림 소스,기타
1359,슈프림 향초 소스,기타
1358,스네잔카 소스,불가리아
1357,스리라차 마요 소스,기타
1356,스미탕 소스,기타
1355,스비치코바,체코
1354,스시 배합초,기타
1353,스위스 샤프란 리조또 소스,스위스
1352,스위스 샬레 소스,스위스
1351,스위트 생강 소스,기타
1350,스위트 생강 처트니,기타
1349,스위트 소스,기타
1348,스위트 처트니,기타
1347,스위트 치즈 드레싱,기타
1346,스위트 칠리 드레싱,기타
1345,스위트 토마토 소스,기타
1344,스위트칠리 소스,기타
1343,스윗 밤 소스,기타
1342,스윗 비네거 녹말 소스,기타
1341,스윗 앤 사우어 소스,기타
1340,스코틀랜드 계란 소스,기타
1339,스키야끼타래,기타
1338,스키야키소스,기타
1337,스테이크 소스,기타
1336,스테이크 소스,기타
1335,스테이크 소스 드레싱,기타
1334,스테이크 양파 소스,기타
1333,스테이크 양파 소스,기타
1332,스트로가노프 소스,기타
1331,스트로고노프,브라질
1330,스파이스 소스,기타
1329,스파이스 에스카베슈 소스,기타
1328,스파이스 인디언 처트니,기타
1327,스파이시 마요네즈 소스,기타
1326,스파이시 바베큐 소스,기타
1325,스파이시 소이 소스,기타
1324,스파이시 시트러스 드레싱,기타
1323,스파이시 오렌지 등심구이 소스,기타
1322,스파이시 파인애플 드레싱,기타
1321,스파이시 허니 비네그레트,기타
1320,스패니시 오믈렛 소스,기타
1319,스페셜 소스,기타
1318,스페인 마요네즈 소스,기타
1317,스프링 샐러드소스,기타
1316,시금치 감자 소스,기타
1315,시금치 버터 소스,기타
1314,시금치 버터 소스,기타
1313,시금치 소스,기타
1312,시금치 소스,가나
1311,시금치 아티초크 딥,기타
1310,시금치&파파야를 곁들인 치킨 샐러드 소스,기타
1309,시금치냉채 소스,기타
1308,시금치페스토,기타
1307,시나몬 드레싱,기타
1306,시나몬 메이플시럽,기타
1305,시나몬 소스,기타
1304,시나몬 소스,기타
1303,시나몬 애플소스,기타
1302,시래깃국,기타
1301,시리아 미트볼 소스,시리아
1300,시소 아이올리,기타
1299,시소 페이스트,기타
1298,시소 폰즈 소스,기타
1297,시저 드레싱,기타
1296,시저 드레싱,기타
1295,시저 샐러드 소스,기타
1294,시저 소스,기타
1293,시저 소스,기타
1292,시저 소스,기타
1291,시저드레싱,기타
1290,시저드레싱,기타
1289,시토 소스,가나
1288,시트러스 그레몰라타,기타
1287,시트러스 그레몰라타,기타
1286,시트러스 당근 드레싱,기타
1285,시트러스 드레싱,기타
1284,시트러스 살사,기타
1283,시트러스 살사,기타
1282,시트러스 샐러드 소스,기타
1281,시트러스 소스,기타
1280,시트론 소스,기타
1279,식물성 디종 머스탇드 소스,기타
1278,식용 꽃&초록 잎 샐러드 소스,기타
1277,식초 된장 소스,기타
1276,식초 마요 소스,기타
1275,식초 재움 양념,기타
1274,실란토르 페스토,기타
1273,심플 올리브 소스,기타
1272,심플 토마토 소스,기타
1271,싸우전드아일랜드 소스,기타
1270,쌈 된장 소스,기타
1269,쌈장 소스,기타
1268,쌈장 소스,기타
1267,쌈장마요네즈 소스,기타
1266,썬드라이 홈무스,기타
1265,쏘토칠리 소스,인도네시아
1264,씀바귀 간장 드레싱,기타
1263,씨겨자 드레싱,기타
1262,씨겨자 마요 드레싱,기타
1261,씨겨자 발사믹 글레이즈,기타
1260,씨겨자 불고기 드레싱,기타
1259,씨겨자 소스,기타
1258,씨겨자 카레 드레싱,기타
1257,씨겨자 허니 소스,기타
1256,씨겨자간장드레싱,기타
1255,씨저 드레싱,기타
1254,씨푸드간장 소스,기타
1253,아귀수육 소스,기타
1252,아귀수육 양념,기타
1251,아귀찜 소스,기타
1250,아라레허브 소스,기타
1249,아라비아 마늘 소스,사우디아라비아
1248,아로니아 드레싱,기타
1247,아로즈 콘 폴로 소스,파나마
1246,아롱사태찜 양념,기타
1245,아마랑스 소스,앙골라
1244,아마레토 크림 소스,파나마
1243,아마씨 드레싱,기타
1242,아마자케 소스,기타
1241,아메리칸 리치 소스,기타
1240,아메리칸 소스,기타
1239,아몬드 바질페스토,기타
1238,아몬드닭볶음 소스,기타
1237,아보카도 들깨 드레싱,기타
1236,아보카도 딥,기타
1235,아보카도 땅콩 소스,가나
1234,아보카도 렌치 드레싱,기타
1233,아보카도 마요네즈 소스,기타
1232,아보카도 마요네즈 소스,기타
1231,아보카도 블루치즈 소스,기타
1230,아보카도 오일 소스,기타
1229,아보카도 요거트 소스,기타
1228,아보카도 체다치즈 드레싱,기타
1227,아보카도 토마토 드레싱,기타
1226,아보카도 페스토,기타
1225,아보카도 호무스,기타
1224,아보카도&피망을 곁들인 해산물 샐러드 소스,기타
1223,아보카도디핑 소스,기타
1222,아보카도디핑 소스,기타
1221,아보카드 드레싱,기타
1220,아스파라거스 간장깨소스무침 소스,기타
1219,아스파라거스 소박이 소스,기타
1218,아스파라거스 키시 소스,기타
1217,아스파라거스 편육 소스,기타
1216,아시아식 슬로 소스,기타
1215,아시안 소스,기타
1214,아시안 페스토 소스,기타
1213,아욜리,기타
1212,아욱찜 주먹밥 소스,기타
1211,아이바르 소스,독일
1210,아이보리 소스,기타
1209,아이올리 소스,기타
1208,아지 드 갈리나,페루
1207,아지 촘보 소스,파나마
1206,아지다 버터 소스,기타
1205,아차르,네팔
1204,아투로 소스,파나마
1203,아히 베르데 소스,베네수엘라
1202,안달루시아식 마요네즈,기타
1201,안달루즈 소스,기타
1200,안동찜닭 소스,기타
1199,안초비 버터 소스,기타
1198,안초비 소스,기타
1197,안초비 파스타 소스,기타
1196,알라 크림 소스,기타
1195,알리올리 소스,스페인
1194,알망데 소스,기타
1193,알망드 소스,프랑스
1192,알망드 소스,기타
1191,알망드 소스,기타
1190,알망드 소스,기타
1189,알몬드 버터 소스,기타
1188,알부페라 소스,기타
1187,알브텔라 소스,기타
1186,알제리 세뮬라 소스,기타
1185,알타리 장아찌 소스,기타
1184,알파인허브소스,기타
1183,앙글레즈 소스,기타
1182,앙글레즈 소스,기타
1181,앙달루즈 소스,스페인
1180,애플 레몬 소스,기타
1179,애플 사이다 비네그리트 소스,기타
1178,애플 소스,기타
1177,애플 시나몬 드레싱,기타
1176,애플 시나몬 소스,기타
1175,애플 시나몬 소스,기타
1174,애플 처트니 소스,기타
1173,애플 치드니,기타
1172,애플러마그로넨 소스,스위스
1171,애플레몬 드레싱,기타
1170,애플망고 요거트 소스,기타
1169,애플사이더 폭찹 소스,기타
1168,액젓 드레싱,기타
1167,액젓 소스,기타
1166,앤초비 레리쉬,인도(인디아)
1165,앤초비 버터 소스,기타
1164,앤초비 버터 소스,기타
1163,앤초비 오일 소스,기타
1162,앤초비와 비트 드레싱,기타
1161,앵글레이즈 소스,기타
1160,야생초 페스토,기타
1159,야채 배 소스,기타
1158,야채 샐러드 소스,기타
1157,야채 콘 소스,기타
1156,야채비네그레트 소스,기타
1155,약고추장 소스,기타
1154,양고기 라브,기타
1153,양고기 브라운 소스,기타
1152,양고기 소스,이라크
1151,양고기를 곁들인 시금치 샐러드 소스,기타
1150,양귀비 씨앗 드레싱,기타
1149,양념간장,기타
1148,양념간장,기타
1147,양념갈비 소스,기타
1146,양념게장 소스,기타
1145,양념치킨 소스,기타
1144,양념치킨 소스,기타
1143,양다래 소스,기타
1142,양배추 소스,기타
1141,양배추 요구르트 소스,기타
1140,양배추 초김치 소스,기타
1139,양송이 버섯 크림 소스,기타
1138,양송이 소스,기타
1137,양송이 소스,기타
1136,양송이 소스,기타
1135,양송이 소스,독일
1134,양송이 카디널 소스,기타
1133,양송이 쿨리,기타
1132,양송이 퓨레,기타
1131,양송이 퓨레 소스,기타
1130,양송이버섯 앙브레와 새우 아 라 플란차 소스,기타
1129,양송이화이트와인 소스,기타
1128,양파 고추 처트니,기타
1127,양파 꿀 소스,기타
1126,양파 드레싱,기타
1125,양파 디핑 소스,기타
1124,양파 리오네즈 소스,기타
1123,양파 마리네 소스,기타
1122,양파 마요 드레싱,기타
1121,양파 마요네즈 디핑 소스,기타
1120,양파 마요네즈 소스,기타
1119,양파 머스타드 드레싱,기타
1118,양파 머스타드 소스,기타
1117,양파 사과 소스,기타
1116,양파 소스,기타
1115,양파 소스,기타
1114,양파 소스,기타
1113,양파 소스,기타
1112,양파 처빌 소스,기타
1111,양파 처트니 소스,기타
1110,양파 크림치즈 디핑 소스,기타
1109,양파돈까스 소스,기타
1108,어니언 마멀레이드 버거 소스,기타
1107,어울락 소스,기타
1106,어울락(베트남) 소스,기타
1105,어채 소스,기타
1104,어향가지 볶음 소스,기타
1103,어향가지 소스,기타
1102,어향가지 소스,기타
1101,어향칠리 소스,기타
1100,어향칠리 소스,기타
1099,얼갈이 배추 무침 소스,기타
1098,에구시 소스,카메룬
1097,에그레트 소스,기타
1096,에그레트 소스,기타
1095,에다마에 딥,기타
1094,에멘탈치즈디핑,기타
1093,에스닉 단 비네거 소스,기타
1092,에스닉 단 식초 소스,기타
1091,에스닉 소스,기타
1090,에스카베슈 소스,기타
1089,에스파뇰 소스,기타
1088,에스파뇰 소스,기타
1087,에스파뇰 소스,기타
1086,에스프레소 크림 소스,기타
1085,에티오피아 칙피 소스,에티오피아
1084,엑스오 소스 드레싱,기타
1083,엔살라다 데 갤리나,베네수엘라
1082,엔스이,기타
1081,엔초비 드레싱,기타
1080,엔초비 브로콜리 소스,기타
1079,엔칠라다 소스,멕시코
1078,엘에이 갈비 소스,기타
1077,여주돼지고기 볶음 양념,기타
1076,연겨자 간장 소스,기타
1075,연겨자 드레싱,기타
1074,연겨자 레몬 드레싱,기타
1073,연근 돼지볶음 양념장,기타
1072,연두부 덮밥 소스,기타
1071,연어 보리밥 샐러드 소스,기타
1070,연어 스테이크 소스,기타
1069,연어 스테이크 소스,기타
1068,연유 소스,기타
1067,열대과일 소스,기타
1066,열대아보카도 살사,기타
1065,염소 고기 소스,오만
1064,영 소스,기타
1063,영국 머스터드 소스,영국
1062,영국식 겨자 소스,기타
1061,영블랙빈 소스,기타
1060,영양밥의 양념간장 소스,기타
1059,예거(양송이버섯) 소스,기타
1058,오가피 고추장 소스,기타
1057,오가피 고추장 소스,기타
1056,오뎅볶음 소스,기타
1055,오디 드레싱,기타
1054,오디 소스,기타
1053,오렌지 간장 소스,기타
1052,오렌지 간장 소스,기타
1051,오렌지 드레싱,기타
1050,오렌지 드레싱,기타
1049,오렌지 마멀레이드 소스,기타
1048,오렌지 마요네즈 소스,기타
1047,오렌지 미소 드레싱,기타
1046,오렌지 민트 크림 소스,기타
1045,오렌지 사과 처트니,기타
1044,오렌지 사바용 소스,기타
1043,오렌지 생강 드레싱,기타
1042,오렌지 소스,기타
1041,오렌지 소스,기타
1040,오렌지 소스,기타
1039,오렌지 소스,기타
1038,오렌지 소스,기타
1037,오렌지 소스,기타
1036,오렌지 소스,이란
1035,오렌지 소스,기타
1034,오렌지 소스,기타
1033,오렌지 소스,기타
1032,오렌지 소스,기타
1031,오렌지 소스,기타
1030,오렌지 앤초비 오일 소스,기타
1029,오렌지 오리 소스,기타
1028,오렌지 캐러멜 소스,기타
1027,오렌지 크렌베리 소스,기타
1026,오렌지 폰즈,기타
1025,오렌지버터 소스,기타
1024,오렌지조림 소스,기타
1023,오렌지주스 요구르트 드레싱,기타
1022,오렌지치킨 소스,기타
1021,오로라 소스,기타
1020,오로라 소스,기타
1019,오로라 소스,기타
1018,오로레 소스,기타
1017,오리 가슴살을 곁들인 로켓 샐러드 소스,기타
1016,오리 양념 구이 소스,기타
1015,오리 카레,미얀마
1014,오리엔탈 간장 드레싱,기타
1013,오리엔탈 과일 소스,기타
1012,오리엔탈 과일 소스,기타
1011,오리엔탈 드레싱,기타
1010,오리엔탈 소스,기타
1009,오리엔탈 소스,기타
1008,오리엔탈 소스,기타
1007,오리엔탈 피넛 버터 소스,기타
1006,오리엔탈 해물 샐러드 소스,기타
1005,오만식 주키니 소스,오만
1004,오므라이스 소스,기타
1003,오미자 탕수육 소스,기타
1002,오미자청 고추장 소스,기타
1001,오베르진 소스,인도네시아
1000,오삼 떡 불고기 소스,기타
999,오삼 불고기 소스,기타
998,오이 드레싱,기타
997,오이 땅콩 액젓 소스,기타
996,오이 라이타 소스,기타
995,오이감정 소스,기타
994,오이갑장과 소스,기타
993,오이고추 된장무침 소스,기타
992,오이미역 냉국 소스,기타
991,오징어 볶음 소스,기타
990,오징어 볶음 소스,기타
989,오징어 볶음 소스,기타
988,오징어 숙회무침 소스,기타
987,오징어섞어찌개 양념장,기타
986,오크라 소스,카메룬
985,옥수수 마요네즈 드레싱,기타
984,온두란 차요테를 넣은 크리미 파 소스,온두라스
983,올리브 드레싱,기타
982,올리브 로즈마리 소스,기타
981,올리브 마늘 소스,기타
980,올리브 소스,기타
979,올리브 송아지 소스,기타
978,올리브 오이 소스,기타
977,올리브 테판나드,기타
976,올리브 허브 드레싱,기타
975,올리브오일 마요네즈 소스,기타
974,올린 크림 마요네즈,기타
973,올린 크림과 래디시 소스,기타
972,와규(전복)후추 소스,기타
971,와사비 드레싱,기타
970,와사비 마요네즈 드레싱,기타
969,와사비 마요네즈 소스,기타
968,와사비 명란마요,기타
967,와사비 비네거 소스,기타
966,와사비 오리엔탈 드레싱,기타
965,와사비 오일 소스,기타
964,와사비 유자청 드레싱,기타
963,와사비 폰즈,기타
962,와사비(냉채),기타
961,와사비간장 소스,기타
960,와사비크림치즈디핑 소스,기타
959,와송 리코타 치즈를 넣은 와송 샐러드 소스,기타
958,와송 표고회 덮밥 소스,기타
957,와송냉국&소면 소스,기타
956,와인 버터 소스,기타
955,와인 살사 소스,기타
954,와인비네거 드레싱,기타
953,왕새우롤 냉채 소스,기타
952,왕새우롤 냉채 소스,기타
951,요거트 두부 디핑 소스,기타
950,요거트 머스타드 소스,기타
949,요거트 민트 드레싱,기타
948,요거트 오이 소스,기타
947,요거트 자몽 드레싱,기타
946,요거트 허니 머스타드 소스,기타
945,요거트&딜을 곁들인 오이 샐러드 소스,기타
944,요거트견과 소스,기타
943,요거트된장 소스,기타
942,요거트오이 소스,기타
941,요구르트 마요네즈 드레싱,기타
940,요구르트 베샤멜,기타
939,요구르트 소스,기타
938,요구르트 소스,기타
937,요구르트 소스,기타
936,요구르트 소스,기타
935,요구르트 재움 양념,기타
934,요구르트 치즈 디핑,시리아
933,요끼 이탈리안 소스,기타
932,우나기타래1,기타
931,우나기타래2,기타
930,우메보시 드레싱,기타
929,우메보시 소스A,기타
928,우설찜 소스,기타
927,우스터 마늘 소스,기타
926,우스터레몬 소스,기타
925,우스터셔 소스,영국
924,우앙카이나 소스,페루
923,우엉 미소 된장 소스,기타
922,우엉볶음 소스,기타
921,우엉조림 소스,기타
920,우에보스 란체로스 소스,기타
919,우유 키위 드레싱,기타
918,워터튜나 파스타 소스,기타
917,월남쌈 땅콩 소스,기타
916,월남쌈 소스,기타
915,위스키 소스,기타
914,윈터 토마토 소스,기타
913,유린 소스,기타
912,유린기 소스,중국
911,유린기 소스,기타
910,유린기 소스,기타
909,유자 드레싱,기타
908,유자 마요 드레싱,기타
907,유자 마카다미아 연유 소스,기타
906,유자 머스타드,기타
905,유자 무침초,기타
904,유자 브라질 넛트 연유 소스,기타
903,유자 샐러드 드레싱,기타
902,유자 소스,기타
901,유자 소스,기타
900,유자 소스,기타
899,유자 소스,기타
898,유자 아몬드 연유 소스,기타
897,유자 잣 연유소스,기타
896,유자 장미 소스,기타
895,유자 장미 소스,기타
894,유자 캐슈넛 연유 소스,기타
893,유자 호두 연유소스,기타
892,유자고추 루유,기타
891,유자고추 소스,기타
890,유자냉채 소스,기타
889,유자무침 소스,기타
888,유자청 드레싱,기타
887,유자청 초무침 소스,기타
886,유자청 폰즈 소스,기타
885,유자폰즈 소스,기타
884,유자후추 라임 소스,기타
883,육류 조림 소스,기타
882,육장 소스,기타
881,육회 물회 소스,기타
880,이라크식 토마토 소스,이라크
879,이스마로킬 크로스 국수 소스,우즈베키스탄
878,이올라 소스,기타
877,이탈리안 드레싱,이탈리아
876,이탈리안 미트 소스,기타
875,이탈리안 소스,기타
874,이탈리안 허브 피자 소스,기타
873,인살라타 카프리제 소스,기타
872,인살라타 트레비지아나 소스,기타
871,인삼 드레싱,기타
870,인삼 허브 오일 소스,기타
869,인삼생채무침 소스,기타
868,인삼즙을 넣은 간장볶음 소스,기타
867,일번다시,기타
866,일본식 참깨 드레싱,기타
865,일본식 커스타드 소스,기타
864,임자수탕 소스,기타
863,잉글리시 마요네즈 소스,기타
862,잉글리시 민트 소스,기타
861,자두 드레싱,기타
860,자두 드레싱,기타
859,자두 복숭아 드레싱,기타
858,자두 쳐트니,파키스탄
857,자라 소스,기타
856,자몽 드레싱,기타
855,자몽 비가라드 소스,기타
854,자몽 소스,기타
853,자몽 양파 드레싱,기타
852,자색고구마 스프레드,기타
851,자장 소스,기타
850,잔치국수 소스,기타
849,잡채 소스,기타
848,잡채 소스,기타
847,잡채간장 소스,기타
846,잣 드레싱,기타
845,잣 로메스코 소스,기타
844,잣 마요 소스,기타
843,잣 버터,기타
842,잣 소스,기타
841,잣 소스,기타
840,잣 소스,기타
839,잣 제노베제 소스,기타
838,잣즙 소스,기타
837,잣즙 소스,기타
836,장아찌 드레싱,기타
835,장아찌 소스,기타
834,장어 소스,기타
833,장어 소스,일본
832,장어구이 고추장양념,기타
831,장어뼈 데리야끼 소스,기타
830,장육 소스,중국
829,장조림 간장 소스,기타
828,잭다니엘 소스,기타
827,쟁반막국수양념장,기타
826,저염된장 소스,기타
825,저지방 알프레도 소스,기타
824,적버터 소스,기타
823,적색 비네거 소스,기타
822,적양배추 포도 요구르트 드레싱,기타
821,적채 드레싱,기타
820,적포도주 버터 소스,기타
819,적포도주 양파 소스,기타
818,전골 소스,기타
817,전복 소스,기타
816,젓갈양념장,한국
815,정어리 버터 소스,기타
814,정제 버터 소스,기타
813,제노바 소스,기타
812,제노바 소스,기타
811,제노베제 소스,기타
810,제누아즈 소스,기타
809,제니브레 소스,기타
808,제육볶음 양념장,기타
807,조 해드 몽,라오스
806,조개 루유,기타
805,조개 루유,기타
804,조랭이떡간장닭갈비 소스,기타
803,조림 소스,기타
802,조림장 소스,기타
801,조막렌,라오스
800,졸인 오렌지 소스,기타
799,주꾸미 소스,기타
798,주니퍼베리 재움 양념,기타
797,죽순 가다랑어포 간장 소스,기타
796,죽순겨자무침 소스,기타
795,죽순채 소스,기타
794,중국 도미찜 소스,기타
793,중국식 냉면 소스,기타
792,중국식 냉면 소스,기타
791,중국식 땅콩 드레싱,기타
790,중국식 산초 소스,기타
789,중국식 소스,기타
788,중국식 소스,기타
787,중식고기양념 소스,기타
786,중식고기양념 소스,기타
785,중식레몬 소스,기타
784,중식레몬 소스,기타
783,중식해파리냉채 소스,기타
782,중화 소스,기타
781,중화 소스,기타
780,중화 칠리 소스,기타
779,중화식 들깨 소스,기타
778,중화식 참깨 소스,기타
777,중화풍 스테이크 소스,기타
776,즉석 레몬 재움 양념,기타
775,즉석 불고기 소스,기타
774,즉석 양파 초절임 소스,기타
773,즉석 토마토 소스,기타
772,즉석갈비 소스,기타
771,즉석소금갈비양념(갈비 4.8kg기준),기타
770,즙장 소스,기타
769,지리멘 생강 소스,기타
768,지미추리 소스,기타
767,지중해식 소스,기타
766,진가라 소스,기타
765,진미채 볶음 소스,기타
764,집된장 미트 그라탱 소스,기타
763,징가라 소스,기타
762,짜사이 무침 소스,기타
761,짜사이 무침 소스,기타
760,짜장 소스,중국
759,짜장가루 소스,기타
758,짱아찌 간장 소스,기타
757,쫄면양념 소스,기타
756,쭈꾸미 삼겹살 볶음 양념,기타
755,찌개 요리 양념장,기타
754,찜닭 소스,기타
753,찜닭 소스,기타
752,차가운 겨자 소스 A스타일,기타
751,차가운 겨자소스 B스타일,기타
750,차돌박이 숙주볶음 소스,기타
749,차돌박이 숙주볶음 양념 소스,기타
748,차슈 소스,기타
747,차이브 버터 소스,기타
746,차이브 크림 소스,기타
745,차이브 크림 소스,기타
744,차조기 페스토,기타
743,차지키,기타
742,차지키 소스,그리스
741,차지키 소스,기타
740,차지키 소스,기타
739,참기름 드레싱,기타
738,참기름 소스,기타
737,참깨 간장 드레싱,기타
736,참깨 드레싱,기타
735,참깨 드레싱,기타
734,참깨 드레싱,기타
733,참깨 마요네즈 소스,기타
732,참깨 미소된장 드레싱,기타
731,참깨 비네거 소스,기타
730,참깨 소스,기타
729,참깨 소스,기타
728,참깨 소스,기타
727,참깨 소스,기타
726,참깨 소스,기타
725,참깨 소스,기타
724,참깨 소스,기타
723,참깨 식초 소스,기타
722,참깨 요구르트 그레싱,기타
721,참깨 유자 드레싱,기타
720,참깨 크림 소스,기타
719,참깨드레싱(냉채),기타
718,참깨양념장,기타
717,참깨오리엔탈드레싱,기타
716,참깨흑임자 소스,기타
715,참나물 페스토,기타
714,참마 된장 그라탱 소스,기타
713,참외샐러드 소스,기타
712,참치 드레싱,기타
711,참치 버터 소스,기타
710,참치 소스,기타
709,참치 소스,기타
708,참치 소스,기타
707,참치 와사비 무침,기타
706,참치 육회 소스,기타
705,참치 토로로 소스,기타
704,참치마요 소스,기타
703,참치마요쌈장,기타
702,찹스테이크 소스,기타
701,찹쌀떡 노른자 소스,기타
700,찹쌀떡 치즈 소스,기타
699,찹쌀떡 튀김 간장 소스,기타
698,채소 마늘 소스,기타
697,채소 비네거 치즈 소스,기타
696,채소 소스,케냐
695,채소 치즈 소스,기타
694,채소 크림 소스,기타
693,채소 퓨레 마늘 소스,기타
692,채소비네그레트 소스,기타
691,채식 바비큐 소스,기타
690,처빌 소스,기타
689,처트니,기타
688,처트니 소스,기타
687,청경 채소 무침,기타
686,청국장 소스,기타
685,청국장 소스,기타
684,청양고추 간장 드레싱,기타
683,청양고추 간장 소스,기타
682,청양고추 간장마요 드레싱,기타
681,청양고추 드레싱,기타
680,청양고추 비네거 소스,기타
679,청양고추 페스토,기타
678,체다 샐러드 드레싱,기타
677,체리 드레싱,기타
676,체리 소스,기타
675,체리 컴포트 소스,기타
674,체리 토마토를 곁들인 그린 빈&병아리콩 샐러드 소스,기타
673,초 된장 소스,기타
672,초간장,한국
671,초간장,기타
670,초간장 소스,기타
669,초간장 소스,기타
668,초간장 소스,기타
667,초계 소스,기타
666,초계국수 소스,기타
665,초고추장,한국
664,초고추장 드레싱,기타
663,초고추장 소스,기타
662,초고추장 소스,기타
661,초고추장 소스,기타
660,초고추장 소스,기타
659,초고추장 소스,기타
658,초된장소스,기타
657,초장 소스,기타
656,초절임 소스,기타
655,초콜렛 소스,기타
654,초콜릿 생강 소스,기타
653,초콜릿 소스,기타
652,초콜릿 양파 소스,기타
651,초콜릿 캐러멜 소스,기타
650,초콜릿 헤이즐넛 스프레드,기타
649,춘장 소스,기타
648,춘장 소스,기타
647,춘장 참깨 초장,기타
646,취리히 슬라이스,스위스
645,치미추리 소스,아르헨티나
644,치즈 드레싱,기타
643,치즈 디핑 소스,기타
642,치즈 마요네즈,기타
641,치즈 소스,기타
640,치즈 소스,기타
639,치즈 소스,기타
638,치즈 소스,기타
637,치즈 소스,기타
636,치즈 퐁듀 소스,스위스
635,치즈와 아몬드로 맛을 낸 버터 소스,기타
634,치카 소스,케냐
633,치킨 벨루테 소스,기타
632,치킨 소스,케냐
631,치킨 소테 바비큐 소스,기타
630,치킨 양념 소스,사우디아라비아
629,치킨 인 피넛 소스,앙골라
628,치킨 카차토레 소스,기타
627,치킨 커리,네팔
626,치킨 팬 그래비 소스,기타
625,치킨망고 소스,기타
624,치킨벨루테크림 소스,기타
623,치플레 땅콩 소스,기타
622,칠레 례에노 토마토 소스,칠레
621,칠레 살사,칠레
620,칠리 꽃게 새우 양념장,기타
619,칠리 드레싱,기타
618,칠리 디핑소스,기타
617,칠리 딥 소스,기타
616,칠리 머스타드 레리쉬,인도(인디아)
615,칠리 소스,기타
614,칠리 소스,중국
613,칠리 소스,기타
612,칠리 소스,기타
611,칠리 소스,기타
610,칠리 소스,기타
609,칠리 스위트 소스,기타
608,칠리 스위트 소스,기타
607,칠리 액젓 소스,기타
606,칠리 홀랜다이즈,기타
605,칠리새우소스,기타
604,칠리소스 드레싱,기타
603,칠리페이스트 소스,기타
602,칠리페이스트 소스,기타
601,칠면조 그레이비 소스,기타
600,카디널 소스,기타
599,카라멜 소스,기타
598,카레 드레싱,기타
597,카레 드레싱,기타
596,카레 마요네즈 소스,기타
595,카레 마요네즈 소스,기타
594,카레 바닷가재 소스,기타
593,카레 바닷가재 소스,기타
592,카레 소스,기타
591,카레 올리브유 드레싱,기타
590,카레와인 소스,기타
589,카르보나라 매콤한 소스,기타
588,카르보나라 소스,이탈리아
587,카르보나라 소스,기타
586,카르파초 소스,기타
585,카메룬 토마토 소스,카메룬
584,카시스 오리 소스,기타
583,카시스 오리 소스,기타
582,카야잼,말레이시아
581,카페드 파리 소스,기타
580,칵테일 소스,기타
579,칵테일 소스,미국
578,칵테일 소스,기타
577,칵테일 소스,기타
576,칵테일 소스,기타
575,칸탈루프 샐러드 소스,기타
574,칸탈루프 샐러드와 페타 치즈 소스,기타
573,칼라마타 올리브 마늘 소스,기타
572,칼루아 드레싱,기타
571,칼립소 소스,기타
570,칼립소 소스,기타
569,캐러멜라이즈 소스,기타
568,캐비아 버터 소스,기타
567,캐슈넛 샤워크림 소스,기타
566,캐슈넛 쳐트니,인도(인디아)
565,캐슈넛 프랜치 어니언 딥,기타
564,캬라멜 너츠를 곁들인 서양배와 사과구이 소스,기타
563,커리 버터 소스,기타
562,커리 버터 소스,기타
561,커리 소스,기타
560,커리 소스,기타
559,커리 옥수수 드레싱,기타
558,커리와 생크림 마요네즈,기타
557,커스터드 크림,기타
556,커스터드 크림 소스,기타
555,커피 소스,기타
554,컨츄리 슬로 소스,기타
553,케서롤 마요 소스,기타
552,케이퍼 & 딜 소스,기타
551,케이퍼 드레싱,기타
550,케이퍼 소스,기타
549,케이퍼 소스,기타
548,케이퍼 소스,기타
547,케이퍼 홀스래디시 크림 드레싱,기타
546,케일 아이올리,기타
545,케일 페스토,기타
544,케일 페스토,기타
543,케찹 소스,기타
542,케찹 소스(냉채),기타
541,케찹 소스(냉채),기타
540,케찹마니스,인도네시아
539,케찹버터소스,기타
538,켓카 소스,기타
537,코다리간장 소스,기타
536,코다리강정 매운 소스,기타
535,코다리꽈리고추 조림 소스,기타
534,코리안 참깨 폰즈,기타
533,코리안 폰즈,기타
532,코브 샐러드 소스,기타
531,코코넛 밀크 드레싱,기타
530,코코넛 밀크 소스,기타
529,코코넛 소스,기타
528,코코넛 소스,탄자니아
527,코코넛 스프,미얀마
526,코코넛 쳐드니,파키스탄
525,코코넛 치킨,탄자니아
524,코코넛 카레 드레싱,기타
523,코코넛라임 소스,기타
522,코코넛커리 소스,기타
521,코흐코차,에티오피아
520,콜라그린(근대)페스토,기타
519,콜롬비아 핫 소스,콜롬비아
518,콜리플라워 치즈 소스,기타
517,콜리플라워 홈무스,기타
516,콜베르 소스,기타
515,콜베르 소스,기타
514,콩 마요네즈,기타
513,콩 요구르트 드레싱,기타
512,콩 우유 마요네즈,기타
511,콩&로켓 페스토를 곁들인 오레끼에떼 소스,기타
510,콩나물 계란노른자 초무침,기타
509,콩나물 불고기 소스,기타
508,콩나물 잡채볶음 소스,기타
507,콩불양념장,기타
506,쿄폴로,불가리아
505,쿠민 스파이스 소스,기타
504,쿠스쿠스 치킨버섯샐러드 소스,기타
503,쿠스쿠시빌 보슬라 소스,기타
502,쿨리 버섯 소스,기타
501,쿵파오 치킨 소스,기타
500,크랜베리 컴포트 소스,기타
499,크랩 칠리 소스,기타
498,크런치 애플살사,기타
497,크레노비나 소스,러시아
496,크레송 스프 소스,기타
495,크레올 소스,기타
494,크레올 소스,기타
493,크렌베리 렐리시 소스,기타
492,크렌베리 소스,기타
491,크렌베리 오렌지 소스,기타
490,크렌베리 처트니,기타
489,크리미 땅콩 소스,기타
488,크리미 라즈베리 비네그레트,기타
487,크리미한 치즈 소스,기타
486,크리스피 땅콩 드레싱,기타
485,크림 겨자 소스,기타
484,크림 마늘 퓨레,기타
483,크림 메이플 머스타드 베이스팅 소스,캐나다
482,크림 베샤멜,기타
481,크림 소스,기타
480,크림 소스,기타
479,크림 소스,기타
478,크림 양파 드레싱,기타
477,크림 참치 소스,기타
476,크림 치즈 소스,기타
475,크림 치즈 소스,기타
474,크림 캐러멜 소스,기타
473,크림 토마토 소스,기타
472,크림새우 소스,기타
471,크림새우 소스,기타
470,크림을 넣은 바닷가재 소스,기타
469,크림을 넣은 바닷가재 소스,기타
468,크림치즈 드레싱,기타
467,크림치즈 마요네즈 소스,기타
466,크림치즈 요거트 소스,기타
465,크림치즈디핑 소스,기타
464,클램차우더 소스,미국
463,키위 대추야자 처트니,기타
462,키위 드레싱,기타
461,키위 땅콩 드레싱,기타
460,키위 살사,기타
459,키위 소스,기타
458,키위 오일 소스,기타
457,키위 파인애플 드레싱,기타
456,키위드레싱,기타
455,타라곤 소스,기타
454,타라곤 크림 굴 소스,기타
453,타라곤 크림 굴 소스,기타
452,타르타르 드레싱,기타
451,타르타르 소스,기타
450,타르타르 소스,프랑스
449,타르타르 소스,기타
448,타르타르 소스,기타
447,타르타르 소스,기타
446,타르타르 소스,기타
445,타르타르 소스,기타
444,타르타르 소스,기타
443,타르타르 소스,호주
442,타마린 액젓 소스,기타
441,타마린드 소스,케냐
440,타바스코 드레싱,기타
439,타이 바비큐 소스,기타
438,타이 소스,기타
437,타이 스윗 칠리 립 소스,기타
436,타이 스타일 매운 소스,기타
435,타이 씨푸드 소스,기타
434,타임 사과 소스,기타
433,타임 사과 소스,기타
432,타임 요구르트 드레싱,기타
431,타임 크림 마늘 퓨레,기타
430,타코 와사비 소스,기타
429,타키코미고항 소스,기타
428,타페나드,기타
427,타페나드 소스,기타
426,타프나드 소스,기타
425,타프나드 올리브 소스,기타
424,타히니,시리아
423,타히니 소스,오만
422,타히니 소스,기타
421,탄두리소스,기타
420,탄탄면 소스,기타
419,탐피코 녹색 살사,기타
418,탕수 소스,기타
417,탕수 소스,기타
416,탕수 소스,기타
415,탕수 소스,기타
414,탕수 소스,기타
413,탕수도미 소스,기타
412,탕수육 소스,기타
411,탕수육 소스,기타
410,탕수육 소스,중국
409,탕평채 소스,기타
408,태국 커리 당근 소스,기타
407,태국식 볶음국수 소스,기타
406,태국식 소스,기타
405,태국식 항정살 구이 소스,기타
404,터키식 닭근위 소스,기타
403,테파나드,기타
402,텐져린 마리네이드,대만
401,토마토 고추 처트니,기타
400,토마토 닭간장구이 소스,기타
399,토마토 닭조림 양념,기타
398,토마토 드레싱,기타
397,토마토 마늘 오일 소스,기타
396,토마토 마보람 소스,기타
395,토마토 버터 소스,기타
394,토마토 버터 소스,기타
393,토마토 비네그레트,기타
392,토마토 살사,멕시코
391,토마토 살사,기타
390,토마토 살사 딥,기타
389,토마토 살사 소스,기타
388,토마토 샤프란 소스,기타
387,토마토 소스,이탈리아
386,토마토 소스,기타
385,토마토 소스,기타
384,토마토 소스,기타
383,토마토 소스,기타
382,토마토 소스,기타
381,토마토 소스,기타
380,토마토 소스,남아프리카 공화국
379,토마토 소스,기타
378,토마토 소스,기타
377,토마토 소스,기타
376,토마토 소스,기타
375,토마토 소스,기타
374,토마토 소스,기타
373,토마토 소스 드레싱,기타
372,토마토 쉬크,기타
371,토마토 식초 소스,기타
370,토마토 아몬드 소스,사우디아라비아
369,토마토 양파 소스,기타
368,토마토 양파 소스,기타
367,토마토 양파 처트니,기타
366,토마토 오일 소스,기타
365,토마토 올리브 송아지 소스,기타
364,토마토 처트니,기타
363,토마토 쳐트니,파키스탄
362,토마토 케이퍼 소스,기타
361,토마토 켓카 소스,기타
360,토마토 쿨리,기타
359,토마토 크림 소스,기타
358,토마토 페이스트,기타
357,토마토 피망 처트니,기타
356,토마토 현미 비네거 소스,기타
355,토마토 호박 처트니,기타
354,토마토덮밥 소스,기타
353,토마토드레싱,기타
352,토마틸로 살사,기타
351,토마틸로 소스,기타
350,토마틸로 실란트로 소스,과테말라
349,통깨닭안심튀김 소스,기타
348,통삽겹 조림 소스,기타
347,통후추 비네그레트 소스,기타
346,통후추 소스,기타
345,튀김 디핑 소스,기타
344,튀김 소스,일본
343,트러플 까흐디날 소스,기타
342,트러플 발사믹 드레싱,기타
341,트러플 소스,기타
340,트러플 쿨리 소스,기타
339,트러플오일 마늘 드레싱,기타
338,트로피 콥샐러드 소스,기타
337,트로피칼 호두 소스,기타
336,트로피컬 드레싱,기타
335,트키마리 소스,러시아
334,티로리엔느,기타
333,파 기름 소스,기타
332,파 된장 소스,기타
331,파개장 소스,기타
330,파기름 소스,기타
329,파닭 소스,기타
328,파댁,라오스
327,파래 소스,기타
326,파리 소스,기타
325,파리칼,노르웨이
324,파마산 마요 소스,기타
323,파마산 발사믹 비네그레트,기타
322,파마산 치즈 소스,기타
321,파마산치즈 마요네즈,기타
320,파슬리 갈릭 소스,베네수엘라
319,파슬리 소스,기타
318,파슬리 소스,기타
317,파슬리 아이올리,기타
316,파슬리 크림 소스,기타
315,파슬리 페스토 소스,기타
314,파슬리오일 소스,기타
313,파슬리와 민트를 넣은 호두 페이스트,기타
312,파인 소스,기타
311,파인 야채 소스,기타
310,파인애플 대추야자 처트니,기타
309,파인애플 드레싱,기타
308,파인애플 드레싱,기타
307,파인애플 망고 드레싱,기타
306,파인애플 살사,기타
305,파인애플 살사,기타
304,파인애플 삼겹살조림 소스,기타
303,파인애플 소스,기타
302,파인애플 소스,기타
301,파인애플 소스,기타
300,파인애플 소스,기타
299,파인애플 야채소스,기타
298,파인애플 오렌지 드레싱,기타
297,파인애플 호이진 소스,기타
296,파일라드 소스,기타
295,파파야 요거트 살사,기타
294,파파야 인삼 헬시 드레싱,기타
293,파파야 할라피뇨 소스,기타
292,파프리카 냉파스타 소스,기타
291,파프리카 버터 소스,기타
290,파프리카 베샤멜,기타
289,파프리카 소스,기타
288,파프리카 소스,기타
287,파프리카 소스,기타
286,파히타 양념,기타
285,판자넬라 소스,기타
284,팔보채 소스,기타
283,팔진초면 소스,기타
282,팟타이 소스,기타
281,팟타이 소스,기타
280,팟타이 소스,기타
279,패투쉬 드레싱,시리아
278,퍼투쉬 소스,기타
277,페르구르뎅 소스,기타
276,페르시아 가지 소스,인도(인디아)
275,페르시안 샐러드 소스,이란
274,페리괴,기타
273,페리구르딘 소스,기타
272,페리그 소스,기타
271,페리그 소스,기타
270,페스토 드레싱,기타
269,페스토 소스,기타
268,페스토 소스,기타
267,페이스트리 크림,기타
266,페츨레에 곁들인 세 가지 치즈 소스,오스트리아
265,페퍼 소스,카메룬
264,페퍼 소스,기타
263,페퍼로나타 소스,기타
262,펜넬 병어 오븐구이 소스,기타
261,펜넬 파스타 샐러드 소스,기타
260,펜넬&오렌지를 곁들인 모듬 샐러드 소스,기타
259,포도 드레싱,기타
258,포도 소스,기타
257,포도 컴포트 소스,기타
256,포도플라자 샐러드,기타
255,포르치니 치즈 크림 소스,기타
254,포르치니 치즈 크림 소스,기타
253,포르투갈식 소스,기타
252,포메리 머스타드 소스,기타
251,포시니 소스,기타
250,포요트 소스,기타
249,포케소스,기타
248,포트와인 소스,기타
247,폭찹 소스,기타
246,폰즈 소스,일본
245,폰즈 소스,기타
244,폰즈 소스,기타
243,폰타나 이탈리안 소스,기타
242,폰타나 이탈리안 소스,기타
241,폴란드식 버섯 소스,폴란드
240,폴포,기타
239,퐁 드 뵈,기타
238,퐁뒤 소스,기타
237,푸른 토마토 처트니,기타
236,푸른후추 소스,기타
235,푸아그라 트러플 소스,기타
234,프랜치 드레싱,기타
233,프랜치 드레싱,기타
232,프레쉬 토마토 소스,기타
231,프레페레 소스,기타
230,프렌치 드레싱,기타
229,프렌치 드레싱,기타
228,프렌치 드레싱,기타
227,프렌치 마요네즈 소스,기타
226,프렌치 소스,기타
225,프렌치 소스,기타
224,프렌치 오일 소스,기타
223,프렌치드레싱,기타
222,프로방살 소스,기타
221,플라츠키 지엠니아차네즈 굴라쳄 소스,폴란드
220,플레인 요거트 드레싱,기타
219,피가로 소스,기타
218,피가로 소스,기타
217,피난시에로 소스,기타
216,피낭시에르 소스,기타
215,피넛 드레싱,기타
214,피넛 소스,기타
213,피넛 소스,가나
212,피넛버터 진저소이 소스,기타
211,피망 소스,기타
210,피망 소스,기타
209,피망 소스,기타
208,피망 처트니,기타
207,피망 페퍼로나타 소스,기타
206,피쉬소스 드레싱,기타
205,피스투,기타
204,피스투 소스,기타
203,피시 소스,가나
202,피시소스 파인 드레싱,기타
201,피자 소스,이탈리아
200,피자 소스,기타
199,피자 소스,기타
198,피자이올라 소스,기타
197,피치리쿼 드레싱,기타
196,피칸테 소스,기타
195,피컨트 소스,기타
194,피컨트 소스,기타
193,피클 드레싱,기타
192,피클 소스,기타
191,피클간장 소스,기타
190,핀절,불가리아
189,핀토빈 소스,온두라스
188,필리필리 소스,탄자니아
187,핑크페퍼 소스,기타
186,하드 소스,기타
185,하리사 비네그레트,기타
184,하리사 소스,기타
183,하얀 고기 소스,기타
182,한라봉 드레싱,기타
181,한라봉 비가라드 소스,기타
180,한라봉 소스,기타
179,한식 간장 소스,기타
178,할라즐레,헝가리
177,할라페뇨 드레싱,기타
176,할라피뇨 갈릭 비네그레트,기타
175,함박스테이크 소스,기타
174,함초 고추장 소스,기타
173,핫 마요네즈 소스,기타
172,핫 치즈 소스,기타
171,핫미니오네트 소스,기타
170,핫소스 드레싱,기타
169,항정살 데리야끼 소스,기타
168,항정살 데리야끼구이 소스,기타
167,해물 강된장 소스,기타
166,해물 국간장 소스,기타
165,해물 소스,기타
164,해물누룽지탕 소스,기타
163,해물떡볶이 소스,기타
162,해물매운탕 소스,기타
161,해물소스,기타
160,해물잡채 소스,기타
159,해바라기씨 샤워크림,기타
158,해산물 소스,기타
157,해산물 소스,기타
156,해산물 타프나드 소스,기타
155,해초비빔밥 소스,기타
154,해파리 냉채 소스,기타
153,해파리 소스,기타
152,해파리냉채 소스,기타
151,해파리냉채 소스,기타
150,햄&아스파라거스 프리타타 소스,기타
149,햄&콩을 곁들인 파스타 샐러드 소스,기타
148,햄버거 소스,기타
147,향신료 소스,기타
146,향신료 소스,기타
145,향초 소스,기타
144,허니 레몬 소스,기타
143,허니 머스타드 드레싱,기타
142,허니 머스타드 크림 소스,기타
141,허니 오렌지 드레싱의 따뜻한 오리 샐러드 드레싱,기타
140,허니 치킨 소스,파나마
139,허니 크림 소스,기타
138,허니 파파야 처트니,기타
137,허니 피칸 소스,기타
136,허니.딜.머스타드 드레싱,기타
135,허니마스터즈 드레싱,기타
134,허니머스타드 소스,기타
133,허니머스터드 소스,기타
132,허니버터 소스,기타
131,허니버터고구마 소스,기타
130,허브 드레싱,기타
129,허브 드레싱,기타
128,허브 레몬 드레싱,기타
127,허브 마늘 크러스트,기타
126,허브 마리네이드 소스,기타
125,허브 마요네즈,기타
124,허브 오일,기타
123,허브 오일 소스,기타
122,허브 오일 소스,기타
121,허브 요구르트 딥,기타
120,허브 재움 양념,기타
119,허브 크림 소스,기타
118,허브소스,기타
117,허브향 치킨 샐러드소스,기타
116,헝가리 토마토 소스,헝가리
115,헝가리식 팬케이크 소스,헝가리
114,헝그리안 소스,기타
113,헤이즐넛 소스,기타
112,헤이즐넛 초콜릿 크림,기타
111,호두 드레싱,기타
110,호두 셰리와인 소스,기타
109,호두 소스,기타
108,호두 소스,기타
107,호두 아몬드 드레싱,기타
106,호두 요거트 드레싱,기타
105,호두 우스터 소스,기타
104,호두 크림 소스,기타
103,호두&로크포르를 곁들인 배 샐러드 소스,기타
102,호두&파르메산을 올린 사과&셀러리 샐러드 소스,기타
101,호머스,기타
100,호무스,시리아
99,호박 버터 크림 소스,기타
98,호박 소스,기타
97,호박 처트니,기타
96,호박 크림 소스,기타
95,호박 호두 스프레드,기타
94,호박과 사과 소스,기타
93,호스래디쉬 드레싱,기타
92,호오트 소스,기타
91,홀그레인 머스타드 명란마요,기타
90,홀그레인 머스타드 소스,기타
89,홀그레인 머스타드 크림 소스,기타
88,홀그레인 유자 소스,기타
87,홀란다이스 소스,기타
86,홀랜다이 소스,기타
85,홀랜다이즈 소스,프랑스
84,홀랜다이즈 소스,기타
83,홀랜다이즈 소스,기타
82,홀렌다이즈 소스,기타
81,홀렌다이즈 소스,기타
80,홀렌다이즈 소스,기타
79,홀렌다이즈 소스,기타
78,홀렌다이즈 소스,기타
77,홀스래디시 드레싱,기타
76,홀스래디시 마요네즈,기타
75,홀스래디시 버터 소스,기타
74,홀스래디시 소스,기타
73,홀스래디시 요거트 소스,기타
72,홀스래디시 요거트 소스,기타
71,홀스래디시 요구르트 드레싱,기타
70,홀스래디시 크림,기타
69,홀스래디시 크림,기타
68,홀스레디쉬 머스타드 마요네즈소스,기타
67,홀스레디쉬 크림,기타
66,홈무스 소스,기타
65,홍고추 레몬 드레싱,기타
64,홍고추 마늘 소스,기타
63,홍고추 페스토,기타
62,홍로우파 소스,기타
61,홍시 당근 드레싱,기타
60,홍시 드레싱,기타
59,홍시 소스,기타
58,홍초 드레싱,기타
57,홍콩식 스테이크 소스,기타
56,홍콩식 스테이크 소스,기타
55,홍피망 크림 소스,기타
54,홍합 소스,기타
53,홍합 토마토 소스,뉴질랜드
52,홍합초 소스,기타
51,화이트 와인 버터 소스,기타
50,화이트 와인 비네그리트 소스,기타
49,화이트 와인 사바용 소스,기타
48,화이트 와인 재움 양념,기타
47,화이트 피자 소스,기타
46,화이트와인 소스,기타
45,화이트와인 쇼룽 소스,기타
44,화이트와인 요거트 소스,기타
43,화이트와인 치즈 소스,기타
42,화이트크림 소스,기타
41,화이트홀 소스,기타
40,화조 기름 소스,기타
39,화지타 소스,기타
38,황기찜닭 소스,기타
37,황태갈비 소스,기타
36,황태강정 소스,기타
35,황태찜 소스,기타
34,황태채 무침 양념,기타
33,황태튀김 소스,기타
32,회꽈육 소스,기타
31,회덮밥 된장 소스,기타
30,회덮밥 소스,기타
29,회무침 소스,기타
28,회향 버터 소스,기타
27,후무스 소스,기타
26,후추 드레싱,기타
25,후추 라임 소스,기타
24,후추 레몬 소스,기타
23,후추 소스,프랑스
22,후추 소스,기타
21,후추 소스,기타
20,후추 소안심볶음 소스,기타
19,후추 스테이크 소스,기타
18,훈제 연어 버터 소스,기타
17,훈제 파프리카 마요네즈 드레싱,아르헨티나
16,휴 메 드 크뤼스타세,기타
15,휴 메 드 포와송,기타
14,흑딸기버섯 소스,기타
13,흑미 소스,기타
12,흑설탕 글레이즈드,기타
11,흑식초 소스,기타
10,흑임자 소스,기타
9,흑임자 소스,기타
8,흑임자 참기름 드레싱,기타
7,흑임자 크림 소스,기타
6,흑임자 크림 소스,기타
5,흑초간장 소스,기타
4,흑후추 소스,기타
3,흰 미소 된장 두유 베샤멜,기타
2,흰 콩 드레싱,기타
1,흰색 젤리 코팅 소스,기타
